Date,Open,High,Low,Close
2019-07-04,303.02509,303.96115,282.76575,284.52322
2019-07-05,284.38092,293.92114,282.6947,287.99753
2019-07-06,287.89383,295.99142,286.66586,287.54712
2019-07-07,287.60361,310.13931,286.10919,305.70056
2019-07-08,305.73477,314.26788,303.50046,313.2514
2019-07-09,313.32516,318.22311,305.28583,308.88101
2019-07-10,308.85129,313.06946,285.5658,290.00232
2019-07-11,289.94598,290.02106,266.09467,268.70404
2019-07-12,268.69226,278.85559,268.00003,276.2767
2019-07-13,276.28912,276.68524,263.06827,269.4588
2019-07-14,269.28162,269.64124,227.26921,227.57806
2019-07-15,227.96506,235.02565,210.39127,229.776
2019-07-16,229.74866,234.51384,197.3779,199.18867
2019-07-17,199.06679,217.97563,193.99042,211.48497
2019-07-18,211.44461,229.2394,208.03773,226.56616
2019-07-19,226.6577,226.94048,215.83824,221.33342
2019-07-20,221.41266,234.19846,221.18948,229.11922
2019-07-21,229.16769,229.86166,219.02776,225.63077
2019-07-22,225.69865,226.86258,213.44838,217.56001
2019-07-23,217.56847,218.51805,209.63812,212.72852
2019-07-24,212.55382,217.53543,203.8934,217.04637
2019-07-25,216.96912,224.2542,216.13515,219.618
2019-07-26,219.62813,220.23639,214.12569,219.62961
2019-07-27,219.61763,223.51726,204.90393,207.40831
2019-07-28,207.41377,212.04184,202.2529,211.18655
2019-07-29,211.12366,213.93205,208.76431,211.26805
2019-07-30,211.3392,213.61407,206.86761,210.5226
2019-07-31,210.49242,218.65414,210.43791,218.65414
2019-08-01,218.5546,218.81265,212.91451,217.80844
2019-08-02,217.88446,222.18257,215.97583,217.87157
2019-08-03,217.89555,224.62323,217.33174,222.49034
2019-08-04,222.58081,224.22729,218.49217,222.66972
2019-08-05,222.65088,235.63528,222.60388,234.21503
2019-08-06,234.24559,239.11591,223.55118,226.02065
2019-08-07,225.92529,229.65657,222.77545,226.39101
2019-08-08,226.51848,226.77472,216.51625,220.94186
2019-08-09,220.90865,221.36433,208.24597,210.48891
2019-08-10,210.53017,213.73483,203.79311,206.73354
2019-08-11,206.73224,216.59865,206.5108,216.09286
2019-08-12,216.05591,216.14256,210.94649,211.28807
2019-08-13,211.3427,211.38441,205.4225,208.70905
2019-08-14,208.60399,209.06644,186.33192,186.60774
2019-08-15,186.6835,189.46216,178.14256,188.50206
2019-08-16,188.64426,188.90559,180.38484,185.44008
2019-08-17,185.53166,186.70314,182.59389,185.68768
2019-08-18,185.84109,197.52249,183.69225,194.49353
2019-08-19,194.55603,203.56015,193.10825,203.09193
2019-08-20,202.81314,203.01599,195.61954,196.56541
2019-08-21,196.62169,197.02744,182.68918,186.89163
2019-08-22,186.94124,194.41551,183.38452,191.33292
2019-08-23,191.10687,195.90649,189.56232,194.70621
2019-08-24,194.67163,194.78499,187.62726,191.28957
2019-08-25,191.23479,192.16333,184.96475,186.84239
2019-08-26,186.73555,193.44218,186.73555,188.92938
2019-08-27,188.95006,188.96318,185.47293,187.51666
2019-08-28,187.4955,187.93088,172.18561,173.88997
2019-08-29,173.95869,173.9964,167.1709,169.51674
2019-08-30,169.48929,170.77351,167.07141,168.83487
2019-08-31,168.88789,174.32397,167.80258,172.46979
2019-09-01,172.4584,173.69685,169.53128,171.62943
2019-09-02,171.6976,180.14522,170.45169,178.34735
2019-09-03,178.35776,182.34799,175.97017,179.49933
2019-09-04,179.49199,180.1366,175.32536,175.99289
2019-09-05,175.96628,176.16391,171.74683,174.21713
2019-09-06,174.17223,177.7187,168.34134,169.95618
2019-09-07,169.95528,180.85161,169.44412,178.26262
2019-09-08,178.28259,182.97708,178.1425,181.35553
2019-09-09,181.36249,184.14946,177.41936,181.14946
2019-09-10,181.21284,184.06343,178.12242,179.78717
2019-09-11,179.83949,181.75746,176.50092,178.72549
2019-09-12,178.80377,181.99857,177.84732,181.0161
2019-09-13,180.97559,181.49829,178.58205,181.10973
2019-09-14,181.32158,188.44693,180.37221,188.10551
2019-09-15,188.06844,190.39934,186.44733,189.78912
2019-09-16,189.68933,198.20497,189.68933,197.11317
2019-09-17,197.11476,213.73195,196.71548,208.60875
2019-09-18,208.0506,216.7115,208.0506,211.39304
2019-09-19,211.24724,222.87169,204.68578,221.28085
2019-09-20,221.06963,221.59856,215.15964,218.05005
2019-09-21,217.89738,220.9583,215.00017,215.5162
2019-09-22,215.48656,216.08624,207.64493,211.54538
2019-09-23,211.71321,211.84052,201.88724,201.92131
2019-09-24,201.84209,203.50055,162.72778,168.11073
2019-09-25,168.13358,174.71977,164.91348,170.8927
2019-09-26,170.75691,171.69264,157.13033,166.72713
2019-09-27,166.6517,175.61078,163.2095,174.711
2019-09-28,174.68083,175.77873,170.77396,174.57289
2019-09-29,174.61275,175.21022,166.9977,170.50348
2019-09-30,170.46135,179.87221,167.03661,179.87221
2019-10-01,180.20912,185.04553,175.81265,177.34042
2019-10-02,177.22406,180.82613,175.33427,180.71051
2019-10-03,180.7037,180.79921,172.59987,175.19934
2019-10-04,175.23843,178.55208,173.56409,176.985
2019-10-05,176.94632,177.71324,173.06956,176.35152
2019-10-06,176.36438,177.36455,171.29977,173.05914
2019-10-07,172.94034,182.35635,171.52782,181.18634
2019-10-08,181.11336,184.35997,179.13339,182.02156
2019-10-09,182.0363,194.30049,180.66844,193.29326
2019-10-10,193.19107,193.89693,188.30647,191.65967
2019-10-11,191.80107,195.3188,181.66183,182.56969
2019-10-12,182.53403,186.30489,179.98483,180.82664
2019-10-13,180.86131,185.07591,180.31715,182.07515
2019-10-14,182.02847,187.30362,181.66228,186.96091
2019-10-15,186.97705,187.75987,179.46278,181.40607
2019-10-16,181.34373,181.66861,174.06416,176.0135
2019-10-17,175.90689,178.89955,174.56583,178.02835
2019-10-18,177.98856,178.17979,171.00505,173.62134
2019-10-19,173.64944,175.60823,172.21545,172.91302
2019-10-20,172.97476,176.71869,171.21072,175.53438
2019-10-21,175.52475,177.74173,173.28775,174.92099
2019-10-22,174.90506,175.65002,172.26624,172.30086
2019-10-23,172.2628,172.42058,157.46342,162.40279
2019-10-24,162.51411,164.14757,160.88795,162.16855
2019-10-25,162.18971,183.00012,161.96602,181.52321
2019-10-26,181.66707,195.9425,176.1338,179.83548
2019-10-27,179.93263,188.15533,177.68236,184.24222
2019-10-28,184.39751,187.88316,180.24956,182.66281
2019-10-29,182.67038,191.84676,182.36436,190.34258
2019-10-30,190.3364,191.11194,181.54637,184.69217
2019-10-31,184.79762,188.75127,180.06836,183.96692
2019-11-01,183.8037,185.05971,181.0945,183.96989
2019-11-02,184.01816,185.70895,182.79767,183.92572
2019-11-03,183.99483,185.02422,179.81815,182.42502
2019-11-04,182.31903,188.02293,181.82161,186.35519
2019-11-05,186.30931,191.25783,184.33199,189.30417
2019-11-06,189.11349,193.54726,188.66768,191.59384
2019-11-07,191.5043,191.8611,186.567,187.97655
2019-11-08,187.92427,188.81598,182.54137,184.21147
2019-11-09,184.31172,185.83853,183.90224,185.02872
2019-11-10,184.94336,190.92061,184.68678,189.47728
2019-11-11,189.50293,190.33842,185.08632,185.48964
2019-11-12,185.56483,187.94803,184.19106,186.84341
2019-11-13,186.94244,189.33188,185.93794,188.25874
2019-11-14,188.27251,188.6346,184.99229,185.99963
2019-11-15,186.05817,186.25183,179.37956,180.52118
2019-11-16,180.4991,184.15527,179.98567,183.34836
2019-11-17,183.35083,188.19135,182.33681,185.11923
2019-11-18,185.04146,186.92715,179.17551,180.5596
2019-11-19,180.50246,182.528,175.19711,177.45555
2019-11-20,177.41528,178.99315,175.29044,175.69835
2019-11-21,175.6736,176.20921,159.36513,161.46272
2019-11-22,161.50589,163.02809,142.3441,150.26817
2019-11-23,150.21222,154.10156,147.60124,153.41779
2019-11-24,153.43053,153.96591,142.8347,142.8347
2019-11-25,142.69701,150.20796,133.80234,146.47653
2019-11-26,146.40431,150.00476,145.21687,148.96507
2019-11-27,148.39682,154.88721,143.5256,153.01056
2019-11-28,153.06924,156.61359,151.09113,151.71758
2019-11-29,151.7686,156.8484,151.46043,155.30415
2019-11-30,155.28641,156.6913,151.22534,152.53969
2019-12-01,152.49193,152.49193,147.06793,151.18573
2019-12-02,151.17548,152.11696,147.6068,149.05916
2019-12-03,149.05824,150.31042,146.00168,147.95642
2019-12-04,147.91838,150.68082,145.00089,146.74774
2019-12-05,146.68649,153.1554,145.45908,149.24899
2019-12-06,149.39648,149.67052,147.60652,149.19444
2019-12-07,149.1976,149.79971,148.37477,148.76816
2019-12-08,148.74368,152.39293,148.31334,151.26472
2019-12-09,151.2244,151.91394,147.62137,148.22517
2019-12-10,148.17986,148.56447,144.90796,146.26704
2019-12-11,146.32065,147.13921,143.04536,143.608
2019-12-12,143.61566,145.75165,141.43698,145.604
2019-12-13,145.65569,145.8571,143.74652,144.94475
2019-12-14,144.95341,145.52908,142.43456,142.86923
2019-12-15,142.86499,143.92535,139.42696,143.11499
2019-12-16,143.13953,143.22485,132.45667,133.61403
2019-12-17,133.64719,134.01154,121.39508,122.60389
2019-12-18,122.65684,133.39417,119.78006,133.09219
2019-12-19,133.05278,134.19064,125.97166,129.32114
2019-12-20,129.38437,129.7563,126.98535,129.06606
2019-12-21,129.09596,129.14766,127.61209,128.13095
2019-12-22,128.09813,133.16003,127.92849,132.37251
2019-12-23,132.30699,134.73175,127.41672,128.61409
2019-12-24,128.62926,131.67229,127.30877,129.06389
2019-12-25,129.0685,129.0685,124.88549,126.45464
2019-12-26,126.48633,130.89835,125.40644,126.36122
2019-12-27,126.3688,128.09756,124.82081,127.21461
2019-12-28,127.21301,130.25816,126.8997,128.32271
2019-12-29,128.26688,136.8112,127.99766,134.75798
2019-12-30,134.79652,136.75735,131.54556,132.63348
2019-12-31,132.61227,133.73268,128.79816,129.61086
2020-01-01,129.63066,132.83536,129.19829,130.802
2020-01-02,130.82004,130.82004,126.95491,127.41018
2020-01-03,127.41126,134.55402,126.49002,134.17171
2020-01-04,134.16852,136.05272,133.04056,135.06937
2020-01-05,135.0721,139.4102,135.04562,136.27678
2020-01-06,136.30554,144.32819,136.07964,144.30415
2020-01-07,144.312,145.00177,140.48888,143.54399
2020-01-08,143.48782,146.828,138.2682,141.25813
2020-01-09,141.15578,141.39398,136.2364,138.9792
2020-01-10,138.96704,144.16733,135.5204,143.96378
2020-01-11,143.4091,146.48091,142.20796,142.92711
2020-01-12,143.03255,146.14586,142.70764,145.87393
2020-01-13,146.22014,146.79123,142.90714,144.22659
2020-01-14,144.25105,167.68155,144.06493,165.95535
2020-01-15,165.73462,170.42567,161.10962,166.23068
2020-01-16,166.33282,167.05815,159.70964,164.39101
2020-01-17,164.48938,173.06921,162.7756,170.77995
2020-01-18,170.74773,178.52878,166.78902,175.36568
2020-01-19,175.46759,177.24763,163.67686,166.96985
2020-01-20,166.90413,169.11488,162.3316,167.12051
2020-01-21,167.06047,169.91011,165.81972,169.69716
2020-01-22,169.60854,171.0087,166.77423,168.29416
2020-01-23,168.2957,168.31224,160.29532,162.92856
2020-01-24,162.89937,164.30945,156.74974,163.05118
2020-01-25,163.06729,163.22723,158.63248,161.28394
2020-01-26,161.17682,168.22032,160.28113,168.0771
2020-01-27,168.00885,172.92291,166.90109,170.93089
2020-01-28,170.88486,176.37032,170.73807,176.37032
2020-01-29,176.34789,178.84297,175.05034,175.05034
2020-01-30,174.91771,186.26048,172.37463,184.69048
2020-01-31,184.73691,185.40584,176.29681,180.16017
2020-02-01,180.11377,183.84555,179.74518,183.67395
2020-02-02,183.5325,193.0804,180.17395,188.61754
2020-02-03,188.60741,193.43689,188.0127,189.86507
2020-02-04,189.86172,191.1115,185.40363,189.2506
2020-02-05,189.2991,206.804,188.75269,204.23024
2020-02-06,204.1297,214.59772,201.90407,212.33908
2020-02-07,212.31589,223.14093,212.3042,222.72606
2020-02-08,222.51097,226.58809,215.38629,223.14651
2020-02-09,222.98224,229.86424,222.98224,228.57857
2020-02-10,228.54913,229.18462,218.08005,223.52271
2020-02-11,223.38493,236.54713,218.61761,235.8512
2020-02-12,235.89822,272.39883,235.89627,265.40613
2020-02-13,265.0527,273.74106,258.92252,268.09924
2020-02-14,268.02328,285.05643,262.76251,284.2175
2020-02-15,284.56131,287.12369,264.27966,264.72858
2020-02-16,264.90405,272.88245,242.48441,259.89471
2020-02-17,259.89056,266.87125,244.33533,266.36343
2020-02-18,266.50882,283.19614,261.4639,281.94458
2020-02-19,282.03629,283.53793,259.76398,259.76398
2020-02-20,259.81985,263.6954,250.95126,257.94946
2020-02-21,257.89111,267.00485,255.68909,265.60062
2020-02-22,265.55157,266.38721,258.91315,262.33173
2020-02-23,262.27841,273.75415,261.96051,273.75415
2020-02-24,273.70508,275.53952,259.62515,265.21643
2020-02-25,265.28339,265.43149,246.85899,247.8176
2020-02-26,247.7402,249.6497,221.26656,225.68027
2020-02-27,225.68704,237.22893,212.66452,226.75339
2020-02-28,226.98761,234.20894,216.34621,226.7605
2020-02-29,226.83345,232.25662,219.84851,219.84851
2020-03-01,219.75269,226.67789,214.13043,218.9706
2020-03-02,218.71162,232.81158,217.28429,230.56978
2020-03-03,230.52397,232.32581,221.73267,224.47963
2020-03-04,224.56534,228.04042,222.08888,224.51797
2020-03-05,224.64189,234.36446,224.64189,229.26819
2020-03-06,229.16843,243.55498,228.74358,243.5253
2020-03-07,243.7502,249.97849,237.55128,237.85309
2020-03-08,237.78069,237.78069,200.60298,200.68906
2020-03-09,201.3185,207.4514,192.2699,201.98633
2020-03-10,202.86395,205.71425,198.0645,200.76724
2020-03-11,200.76804,202.9543,184.36215,194.86853
2020-03-12,194.73892,195.14793,111.21071,112.34712
2020-03-13,112.68999,137.42953,95.1843,133.20181
2020-03-14,133.58247,134.48438,122.41447,123.30602
2020-03-15,123.24606,132.24214,121.85365,125.2143
2020-03-16,124.99612,124.99612,105.17144,110.60587
2020-03-17,110.40678,118.98828,110.40678,113.94275
2020-03-18,113.85764,116.02162,111.74311,114.84227
2020-03-19,114.83983,140.52773,114.73286,136.59386
2020-03-20,136.64928,150.85381,122.60566,132.73717
2020-03-21,133.10176,135.97241,127.16376,132.81871
2020-03-22,132.85114,136.15164,122.90933,123.32115
2020-03-23,123.36598,134.91161,121.86788,134.91161
2020-03-24,135.19414,141.94853,133.16878,138.76144
2020-03-25,138.91496,141.40379,134.30423,136.19589
2020-03-26,136.19067,138.83057,134.88603,138.36156
2020-03-27,138.36993,139.90269,133.93794,133.93794
2020-03-28,134.03275,134.03275,126.96219,130.9865
2020-03-29,131.01534,131.17409,125.45005,125.58373
2020-03-30,125.5779,133.91147,125.28968,132.90454
2020-03-31,132.82092,134.27414,131.65289,133.59357
2020-04-01,133.61232,135.63455,129.73094,135.63455
2020-04-02,135.73218,146.78709,135.73218,142.02914
2020-04-03,142.11046,146.89987,139.61938,142.09131
2020-04-04,142.21518,145.3773,140.12183,145.21939
2020-04-05,145.26102,146.12852,142.10208,143.54665
2020-04-06,143.60822,169.27264,143.5446,169.13588
2020-04-07,169.14745,175.20413,164.20332,165.10194
2020-04-08,165.24033,173.21027,164.49319,172.64174
2020-04-09,172.76126,172.89778,167.98712,170.80714
2020-04-10,170.82927,170.94977,154.91447,158.41245
2020-04-11,158.53899,161.16757,155.29834,158.21602
2020-04-12,158.23239,164.51695,156.32051,161.14243
2020-04-13,160.72067,160.74969,151.61449,156.27956
2020-04-14,156.35596,160.94427,155.86594,157.59639
2020-04-15,157.56564,160.71112,152.80284,153.2869
2020-04-16,153.20042,173.15727,150.35942,172.15738
2020-04-17,172.27942,174.27591,169.75157,171.63858
2020-04-18,171.61807,187.94048,171.61807,186.914
2020-04-19,186.86198,188.09892,180.12082,181.61496
2020-04-20,181.48022,186.08354,170.32127,172.29716
2020-04-21,172.01772,175.17847,170.55284,172.7377
2020-04-22,172.67039,183.75101,171.8266,182.59958
2020-04-23,182.62018,189.08887,180.34065,185.02867
2020-04-24,185.22211,190.21039,185.22211,189.23694
2020-04-25,189.2074,196.79237,188.45953,195.5153
2020-04-26,195.41359,199.34497,194.76807,197.31754
2020-04-27,197.47572,199.5528,193.45416,197.22472
2020-04-28,197.27351,198.78654,194.84943,198.41539
2020-04-29,198.46519,218.45464,198.12451,216.96823
2020-04-30,216.90913,227.52969,206.43692,207.60205
2020-05-01,207.90173,217.62802,207.78088,214.2191
2020-05-02,214.23009,215.84753,212.87868,215.32538
2020-05-03,215.35207,219.27087,208.69237,210.93315
2020-05-04,210.89085,211.82838,199.04773,208.17401
2020-05-05,208.013,211.77863,204.03113,206.7744
2020-05-06,206.48135,211.53462,204.04088,204.05579
2020-05-07,203.91286,214.39247,202.07484,212.28941
2020-05-08,212.19824,216.32768,208.83073,212.99158
2020-05-09,213.14217,214.73912,209.07152,211.60013
2020-05-10,211.5522,211.5522,182.71117,188.59956
2020-05-11,188.63219,191.36234,180.71834,185.91284
2020-05-12,185.87733,191.60135,185.7018,189.3125
2020-05-13,189.3741,200.19733,189.1277,199.19328
2020-05-14,198.89151,204.1176,196.86882,202.9491
2020-05-15,202.9554,203.56639,193.75568,195.62267
2020-05-16,195.61339,202.77119,194.50159,200.67712
2020-05-17,200.60887,209.16093,200.1028,207.15869
2020-05-18,207.17978,215.90846,207.10907,214.52505
2020-05-19,214.60493,214.60493,210.14305,213.45111
2020-05-20,213.44624,214.71683,207.97581,210.09674
2020-05-21,210.12915,211.62518,193.34644,199.88361
2020-05-22,199.83711,208.59154,198.04086,207.16919
2020-05-23,207.19449,210.38646,205.29422,208.6944
2020-05-24,208.71606,210.59508,202.37035,202.37035
2020-05-25,201.98265,206.36145,200.66756,205.31975
2020-05-26,205.25957,205.75255,200.26428,201.90231
2020-05-27,201.89301,208.86343,201.78506,208.86343
2020-05-28,208.88544,220.2765,206.24266,219.84042
2020-05-29,219.92505,224.21687,218.23805,220.67513
2020-05-30,220.71721,243.94315,218.74446,242.3456
2020-05-31,242.35138,244.04526,230.05283,230.97571
2020-06-01,230.86026,248.23628,230.48805,246.99176
2020-06-02,246.82819,252.222,233.2253,237.21906
2020-06-03,237.39522,244.17932,235.46445,244.17932
2020-06-04,244.10529,245.92897,236.7653,244.42639
2020-06-05,244.34959,247.3295,240.68205,241.22198
2020-06-06,241.20135,245.98105,239.72453,241.93132
2020-06-07,241.90808,245.43526,236.32526,245.16725
2020-06-08,245.17857,246.6442,241.54219,246.30991
2020-06-09,246.17502,248.34244,242.33855,244.91145
2020-06-10,244.82207,248.65115,242.81975,247.44495
2020-06-11,247.54854,249.88831,229.94298,231.70267
2020-06-12,231.62546,239.35469,229.64507,237.49321
2020-06-13,237.54462,239.1931,235.88968,238.90884
2020-06-14,238.96819,239.10146,232.95819,234.1147
2020-06-15,234.0583,234.23784,221.24176,229.92891
2020-06-16,229.7623,236.3943,228.42615,234.41617
2020-06-17,234.49237,235.95406,229.34164,233.02827
2020-06-18,232.8987,234.57065,228.95143,232.10117
2020-06-19,231.95497,232.15411,226.79518,227.13829
2020-06-20,226.97636,231.44902,226.64062,229.27426
2020-06-21,229.21614,232.35895,228.493,228.98982
2020-06-22,229.00337,243.77602,228.93474,242.53319
2020-06-23,242.53702,244.86441,239.75974,244.14215
2020-06-24,244.18593,248.50803,232.80774,235.77246
2020-06-25,235.70285,236.05341,230.2966,232.94449
2020-06-26,232.87749,233.90193,229.25946,229.66805
2020-06-27,229.63148,232.49342,220.56458,222.95979
2020-06-28,222.91449,228.59828,219.47267,225.34717
2020-06-29,225.36143,229.90321,222.25499,228.19487
2020-06-30,227.96843,229.47681,224.81519,226.315
2020-07-01,226.13458,232.75612,224.83574,231.11342
2020-07-02,231.28891,232.39688,225.46196,229.3922
2020-07-03,229.31895,229.62932,224.91397,225.38707
2020-07-04,225.28848,230.05414,225.13332,229.07411
2020-07-05,228.9762,229.85672,224.54449,227.6646
2020-07-06,227.68501,242.13271,227.02953,241.51022
2020-07-07,240.9726,242.68185,234.21866,239.07553
2020-07-08,239.15997,248.30887,238.39838,246.67001
2020-07-09,246.74829,247.29167,239.89865,243.01596
2020-07-10,242.86801,242.88379,236.73053,240.98499
2020-07-11,241.04478,241.52748,238.33124,239.45818
2020-07-12,239.45964,243.31114,237.77022,242.1317
2020-07-13,242.18187,244.31052,238.23238,239.60458
2020-07-14,239.97562,242.00378,237.79619,240.21149
2020-07-15,240.14365,241.40269,237.09618,238.42352
2020-07-16,238.45091,239.00626,231.62117,233.64088
2020-07-17,233.69139,234.41507,232.10997,232.77309
2020-07-18,232.85568,236.54398,232.32489,235.48381
2020-07-19,235.4583,239.16069,233.27974,238.48752
2020-07-20,238.49487,239.57625,234.85265,236.15317
2020-07-21,236.30251,246.18626,235.68097,245.01672
2020-07-22,245.03726,262.98505,242.48434,262.19064
2020-07-23,262.38864,277.58347,261.04709,274.68906
2020-07-24,274.72269,286.19284,269.23978,279.21542
2020-07-25,279.02637,306.741,279.02637,304.05676
2020-07-26,303.69238,316.38632,300.26782,309.64362
2020-07-27,309.65793,330.7012,309.65793,321.5141
2020-07-28,321.82974,325.90598,307.72134,316.65726
2020-07-29,316.55536,324.3808,313.10959,318.19089
2020-07-30,318.14499,338.6312,315.7511,334.58664
2020-07-31,334.63373,348.61136,329.34094,345.55466
2020-08-01,345.79861,388.84796,343.58743,385.19971
2020-08-02,385.54987,411.2283,357.14365,370.67172
2020-08-03,371.13385,396.50699,369.33633,386.29517
2020-08-04,386.15646,400.70062,382.98511,389.87549
2020-08-05,389.71082,406.30396,386.21848,401.59058
2020-08-06,401.58386,403.48868,392.60019,394.96194
2020-08-07,395.22687,398.24902,367.93552,379.51285
2020-08-08,379.55157,393.98737,377.34973,393.98737
2020-08-09,395.30524,399.73709,385.83072,391.12045
2020-08-10,391.0415,399.37595,391.0415,395.88757
2020-08-11,395.89471,398.47891,370.86063,380.38406
2020-08-12,380.06381,391.31232,367.92361,391.02417
2020-08-13,390.8381,432.9046,379.71088,428.74179
2020-08-14,428.67728,444.57776,423.34586,437.39783
2020-08-15,437.56299,441.75461,429.8746,433.35492
2020-08-16,433.35059,436.26584,415.08624,433.78662
2020-08-17,433.97375,442.73499,422.64728,429.53125
2020-08-18,429.66962,432.58029,419.6741,423.66931
2020-08-19,423.73859,427.02466,396.67834,406.46378
2020-08-20,406.75891,418.73444,404.02609,416.43979
2020-08-21,416.14877,418.63797,387.44113,389.12634
2020-08-22,389.0311,396.46658,382.81464,395.83514
2020-08-23,395.56284,396.49042,385.03979,391.38449
2020-08-24,391.67899,409.38858,389.31461,408.1442
2020-08-25,408.07169,408.52792,374.35538,384.00104
2020-08-26,383.97745,391.87326,378.70584,386.46613
2020-08-27,386.60986,395.34918,374.86649,382.63263
2020-08-28,382.62958,397.75763,381.27383,395.87466
2020-08-29,395.68759,405.61636,393.03741,399.92148
2020-08-30,399.6167,428.66397,399.60837,428.39572
2020-08-31,428.509,438.56033,419.77017,435.07974
2020-09-01,434.87445,487.21188,432.07919,477.05191
2020-09-02,477.00787,480.33099,424.46002,440.0405
2020-09-03,440.23999,449.53247,381.1297,385.67194
2020-09-04,384.67163,402.41174,371.63669,388.24115
2020-09-05,388.03839,394.17227,316.77435,335.26007
2020-09-06,335.33456,359.76404,319.0419,353.36227
2020-09-07,353.45026,358.21188,326.25436,352.67349
2020-09-08,353.20227,355.56287,328.81677,337.60211
2020-09-09,337.82492,359.16449,332.16501,351.11002
2020-09-10,351.42932,377.39359,351.11176,368.1019
2020-09-11,368.1185,376.6304,355.58258,374.69559
2020-09-12,374.5954,387.53845,367.84219,387.18311
2020-09-13,387.51929,388.95981,354.34018,365.57001
2020-09-14,365.69958,384.4852,357.56976,377.26886
2020-09-15,377.15402,381.5083,363.60681,364.8392
2020-09-16,364.74399,372.76743,356.68274,365.81229
2020-09-17,365.86578,393.90161,364.79514,389.01923
2020-09-18,389.33749,391.90414,376.965,384.36453
2020-09-19,384.04166,387.07635,378.72406,385.54437
2020-09-20,385.59799,385.59799,367.09436,371.05283
2020-09-21,371.40015,375.73703,336.06897,341.78607
2020-09-22,341.72382,346.60083,336.85504,344.50317
2020-09-23,344.5899,344.67139,318.96921,321.1163
2020-09-24,320.98502,351.46149,318.5451,349.35559
2020-09-25,349.41144,357.77274,339.01593,352.18326
2020-09-26,352.35089,355.85477,348.10712,355.4881
2020-09-27,354.9599,361.98441,349.83408,357.43851
2020-09-28,357.92593,366.43216,354.54764,355.15942
2020-09-29,354.36301,360.35336,352.14685,359.75739
2020-09-30,360.03851,361.17877,353.32794,359.93787
2020-10-01,360.30914,369.2644,346.47705,353.2059
2020-10-02,352.94968,354.11542,336.46716,346.23892
2020-10-03,346.21863,351.30771,344.66656,346.52209
2020-10-04,346.60223,354.04575,345.13101,352.57901
2020-10-05,352.73682,355.21408,349.6799,353.95679
2020-10-06,353.95648,354.98901,338.0033,340.81586
2020-10-07,340.94308,342.45084,334.54556,341.80865
2020-10-08,342.04465,352.21149,335.64749,350.76614
2020-10-09,351.11288,368.31033,348.20584,365.59048
2020-10-10,365.40247,378.26715,365.35403,370.96759
2020-10-11,370.92844,377.2468,369.82803,375.14206
2020-10-12,374.79874,395.12216,366.64233,387.73126
2020-10-13,387.14294,387.37567,375.58246,381.19077
2020-10-14,381.97147,387.29617,374.17502,379.48404
2020-10-15,379.19223,381.20877,371.35413,377.44183
2020-10-16,377.8685,380.02151,362.59741,366.229
2020-10-17,366.01572,369.76813,364.48901,368.85593
2020-10-18,368.72754,378.59766,368.12915,378.21368
2020-10-19,378.46964,383.31766,373.70227,379.93561
2020-10-20,379.7197,380.76102,367.60107,369.1369
2020-10-21,369.05942,400.62726,368.72797,392.18997
2020-10-22,391.48862,420.14166,391.27631,413.77298
2020-10-23,414.05133,418.95993,403.08203,409.76669
2020-10-24,409.76724,416.59967,407.85172,412.45761
2020-10-25,412.45764,417.15921,405.35065,406.21777
2020-10-26,406.21799,411.27988,383.7829,393.88831
2020-10-27,393.88818,409.77286,390.60846,403.99704
2020-10-28,403.9971,408.96475,381.14633,388.65076
2020-10-29,388.65106,393.22769,381.28876,386.7301
2020-10-30,386.73026,391.46472,375.09241,382.81998
2020-10-31,382.82004,393.01013,381.29526,386.59033
2020-11-01,386.59033,397.11612,385.16553,396.35818
2020-11-02,396.35599,403.24075,381.01764,383.15674
2020-11-03,383.15604,389.51538,371.31274,387.60217
2020-11-04,387.60321,407.66565,377.82761,402.142
2020-11-05,402.14294,417.52594,397.24582,414.06735
2020-11-06,414.06671,456.20062,412.9823,454.7193
2020-11-07,454.72256,465.67548,428.45636,435.71313
2020-11-08,435.71881,457.78046,433.15378,453.55478
2020-11-09,453.57416,457.34961,435.16388,444.16306
2020-11-10,444.16638,453.75836,439.60013,449.67963
2020-11-11,449.67966,473.57886,449.52493,462.96054
2020-11-12,462.95953,467.67783,452.07242,461.00528
2020-11-13,461.00549,475.21725,457.29825,474.62643
2020-11-14,474.62643,475.16144,452.98608,460.14984
2020-11-15,460.1499,460.99408,440.25433,447.55908
2020-11-16,447.55899,463.83102,445.50162,459.94031
2020-11-17,464.40665,482.23221,460.77661,480.36008
2020-11-18,480.34683,491.99991,465.83096,479.48407
2020-11-19,479.48102,480.12173,465.70425,471.63043
2020-11-20,471.63147,513.61035,471.63147,509.74457
2020-11-21,509.7446,550.22742,504.23776,549.48663
2020-11-22,549.48663,579.3725,514.51721,558.06812
2020-11-23,558.05951,609.98761,551.26526,608.45404
2020-11-24,608.52277,621.1734,593.83514,603.89777
2020-11-25,603.90204,605.09418,559.67139,570.68665
2020-11-26,570.51489,575.64148,485.49731,518.80115
2020-11-27,519.10809,530.77716,497.24261,517.49371
2020-11-28,517.59735,548.04486,508.12537,538.2298
2020-11-29,538.26459,576.60242,531.98755,575.75806
2020-11-30,575.75708,615.24054,571.53778,614.84253
2020-12-01,615.07031,635.16058,571.75397,587.32416
2020-12-02,587.2616,604.02246,578.74103,598.35236
2020-12-03,598.45923,622.4527,588.34637,616.70874
2020-12-04,616.72278,618.98315,569.28351,569.35419
2020-12-05,569.34766,596.59546,563.10663,596.59546
2020-12-06,596.56866,606.79193,584.41174,601.909
2020-12-07,601.79712,602.91791,585.42865,591.84338
2020-12-08,591.90082,594.75159,552.46924,554.82776
2020-12-09,554.79291,577.28839,532.99841,573.47913
2020-12-10,573.50403,574.60016,549.78406,559.67853
2020-12-11,559.6792,560.37671,537.81165,545.79736
2020-12-12,545.57855,573.33942,545.24561,568.56732
2020-12-13,568.60986,593.78125,564.56598,589.66321
2020-12-14,589.78247,590.49298,577.11841,586.01117
2020-12-15,586.02179,596.24774,580.62878,589.35559
2020-12-16,589.37866,636.64032,582.03912,636.18182
2020-12-17,636.15417,673.83423,628.74939,642.86896
2020-12-18,642.91699,662.6991,632.35608,654.81195
2020-12-19,654.62421,668.76959,646.61621,659.29791
2020-12-20,659.18506,659.92371,625.01447,638.29083
2020-12-21,638.31519,646.84656,600.83606,609.81787
2020-12-22,609.42053,635.0766,589.552,634.85419
2020-12-23,634.82458,637.1228,560.36426,583.7146
2020-12-24,584.13562,613.81519,568.59637,611.60718
2020-12-25,611.55457,633.0614,605.42444,626.41071
2020-12-26,626.49805,650.72144,617.4021,635.83582
2020-12-27,635.88715,711.39355,628.33496,682.64233
2020-12-28,683.20581,745.87775,683.20581,730.39734
2020-12-29,730.3587,737.95288,692.14941,731.52014
2020-12-30,731.47284,754.30322,720.98889,751.61896
2020-12-31,751.62665,754.29944,726.5119,737.80341
2021-01-01,737.70837,749.20184,719.79224,730.36755
2021-01-02,730.40265,786.79846,718.1095,774.53497
2021-01-03,774.51184,1006.565,771.56165,975.50769
2021-01-04,977.05884,1153.18921,912.30536,1040.23303
2021-01-05,1041.49878,1129.37146,986.81128,1100.0061
2021-01-06,1101.005,1209.42859,1064.2334,1207.11218
2021-01-07,1208.07837,1282.57959,1167.44312,1225.6781
2021-01-08,1225.9679,1273.82751,1076.08154,1224.19714
2021-01-09,1223.74048,1303.87183,1182.27039,1281.07727
2021-01-10,1280.87109,1347.92615,1194.71558,1262.2467
2021-01-11,1261.62292,1261.62292,924.92261,1090.14539
2021-01-12,1088.52673,1149.24023,1012.76416,1043.43457
2021-01-13,1043.74097,1134.3385,994.54907,1130.73938
2021-01-14,1130.2312,1244.16309,1093.06079,1218.453
2021-01-15,1221.8772,1250.50586,1090.72107,1171.83459
2021-01-16,1171.44312,1290.05359,1157.62378,1233.5376
2021-01-17,1233.45337,1265.64465,1174.38855,1230.17224
2021-01-18,1230.31323,1259.45007,1187.31104,1257.27954
2021-01-19,1257.43457,1432.30005,1254.52295,1377.2959
2021-01-20,1375.24841,1405.74414,1243.29993,1382.27405
2021-01-21,1382.68445,1382.68445,1098.4762,1121.57092
2021-01-22,1118.88904,1271.68762,1046.59656,1236.51221
2021-01-23,1235.26794,1272.15112,1200.89331,1230.9906
2021-01-24,1231.21057,1395.11133,1225.27405,1391.60938
2021-01-25,1390.63989,1467.78491,1304.974,1324.41479
2021-01-26,1323.7417,1376.08508,1253.34033,1357.05811
2021-01-27,1358.33337,1368.0741,1215.31128,1253.18713
2021-01-28,1251.27979,1356.2887,1226.17395,1332.49219
2021-01-29,1369.08679,1428.9812,1292.24011,1382.52283
2021-01-30,1382.23193,1402.39978,1328.52905,1376.11548
2021-01-31,1376.82361,1378.91602,1288.50159,1314.98621
2021-02-01,1314.85522,1373.84583,1274.35779,1369.04053
2021-02-02,1369.50513,1542.99097,1362.77124,1515.19373
2021-02-03,1514.76965,1660.90955,1510.01025,1660.90955
2021-02-04,1661.17017,1689.18665,1561.85352,1594.7627
2021-02-05,1594.79333,1756.51099,1594.79333,1718.65088
2021-02-06,1717.79749,1738.31445,1649.06873,1677.8468
2021-02-07,1677.60571,1690.03662,1501.75024,1614.22778
2021-02-08,1613.64221,1770.59082,1571.57996,1746.61682
2021-02-09,1746.92615,1815.96362,1711.62061,1768.03503
2021-02-10,1768.03979,1826.69678,1686.54236,1744.24341
2021-02-11,1743.71423,1806.53906,1708.6792,1783.79797
2021-02-12,1783.48914,1861.35693,1744.16895,1843.53259
2021-02-13,1843.98682,1871.60352,1770.61206,1814.10986
2021-02-14,1814.37231,1848.15405,1789.91418,1805.08411
2021-02-15,1804.67676,1833.83057,1683.90662,1779.79102
2021-02-16,1778.94556,1824.51868,1729.64197,1781.0675
2021-02-17,1781.3501,1853.6676,1736.70581,1848.45825
2021-02-18,1848.2063,1949.90344,1848.2063,1937.44922
2021-02-19,1938.85986,1969.547,1896.68445,1960.16479
2021-02-20,1959.90295,2036.2865,1830.53149,1919.53406
2021-02-21,1918.6731,1974.25964,1890.36816,1935.60107
2021-02-22,1935.55786,1936.45374,1580.62659,1781.99292
2021-02-23,1781.40906,1781.40906,1378.84094,1570.20398
2021-02-24,1571.47644,1710.98376,1511.01892,1626.57568
2021-02-25,1625.39392,1670.22412,1465.05896,1475.70374
2021-02-26,1478.65332,1559.02893,1407.97925,1446.03369
2021-02-27,1446.92944,1524.93237,1433.78699,1459.97314
2021-02-28,1459.86047,1468.39148,1300.47217,1416.04895
2021-03-01,1417.15112,1567.69458,1416.41614,1564.70764
2021-03-02,1564.06348,1597.61011,1461.32544,1492.60876
2021-03-03,1491.45117,1650.3606,1481.90576,1575.85315
2021-03-04,1574.62378,1622.95386,1511.10339,1541.91431
2021-03-05,1541.54175,1547.87817,1450.89136,1533.27502
2021-03-06,1532.3728,1669.10657,1519.14111,1654.74158
2021-03-07,1655.39246,1730.92419,1636.56445,1723.15381
2021-03-08,1724.22925,1835.19214,1670.94202,1834.72791
2021-03-09,1835.14807,1868.04883,1804.26636,1868.04883
2021-03-10,1868.48901,1873.80322,1766.49048,1799.16626
2021-03-11,1798.03394,1843.81885,1734.61707,1826.19495
2021-03-12,1826.54675,1839.49731,1728.98096,1772.10242
2021-03-13,1772.16638,1937.64551,1733.63989,1924.68542
2021-03-14,1923.86377,1930.77979,1845.12,1854.56433
2021-03-15,1854.08667,1889.19666,1749.60632,1791.70227
2021-03-16,1792.41382,1817.06018,1720.05322,1806.9718
2021-03-17,1807.05615,1839.81897,1749.17993,1823.44934
2021-03-18,1823.15845,1848.64612,1705.71606,1782.8551
2021-03-19,1782.56873,1841.19604,1746.47339,1817.62415
2021-03-20,1817.52271,1874.70898,1811.72864,1812.63464
2021-03-21,1812.60657,1823.35303,1764.13928,1788.21704
2021-03-22,1788.36218,1811.96826,1674.2998,1691.33398
2021-03-23,1690.87183,1725.10876,1662.53992,1678.65015
2021-03-24,1678.00256,1740.42822,1570.78796,1593.41345
2021-03-25,1593.12329,1625.9115,1560.37048,1595.35925
2021-03-26,1595.21008,1702.92285,1594.73669,1702.84204
2021-03-27,1703.03613,1732.82434,1674.31934,1716.49463
2021-03-28,1716.40564,1728.58411,1672.6604,1691.35596
2021-03-29,1691.26318,1837.18799,1683.71655,1819.68494
2021-03-30,1819.46631,1860.97473,1793.92236,1846.03369
2021-03-31,1846.09827,1947.83777,1793.0022,1918.36206
2021-04-01,1919.15723,1989.05505,1912.17847,1977.27686
2021-04-02,1976.93274,2152.4519,1960.67871,2143.22559
2021-04-03,2142.896,2144.9624,2028.42249,2028.42249
2021-04-04,2027.67126,2110.35352,2007.11182,2093.1228
2021-04-05,2093.26074,2140.98535,2032.3877,2107.88721
2021-04-06,2109.49316,2151.22339,2057.60913,2118.37891
2021-04-07,2117.72852,2133.1875,1945.44214,1971.07727
2021-04-08,1969.13318,2091.51636,1959.07947,2088.57373
2021-04-09,2088.77222,2102.87378,2055.16333,2072.10889
2021-04-10,2071.11157,2196.99634,2062.7876,2135.94214
2021-04-11,2136.15698,2165.19141,2119.86572,2157.65698
2021-04-12,2157.36182,2199.71875,2110.3689,2139.35327
2021-04-13,2139.36426,2318.42334,2138.55957,2299.18774
2021-04-14,2299.3479,2449.6875,2284.56372,2435.10498
2021-04-15,2436.03467,2544.26733,2409.92407,2519.11621
2021-04-16,2516.60181,2547.55566,2318.67505,2431.94653
2021-04-17,2429.98096,2497.38525,2333.68286,2344.89502
2021-04-18,2346.45239,2365.46045,2011.76685,2237.13696
2021-04-19,2238.03271,2276.77686,2086.68872,2166.18872
2021-04-20,2161.93945,2345.83496,2060.1438,2330.21094
2021-04-21,2331.16016,2467.20068,2238.36694,2364.75171
2021-04-22,2357.87109,2641.09497,2315.96021,2403.53516
2021-04-23,2401.25635,2439.53711,2117.03955,2363.58618
2021-04-24,2367.19922,2367.74097,2163.69312,2211.62573
2021-04-25,2214.41382,2354.08667,2172.51514,2316.05957
2021-04-26,2319.47803,2536.3374,2308.31519,2534.48169
2021-04-27,2534.03125,2676.39282,2485.375,2662.86523
2021-04-28,2664.68555,2757.47729,2564.08154,2746.38013
2021-04-29,2748.64966,2797.97241,2672.10669,2756.87695
2021-04-30,2757.73413,2796.05493,2728.16992,2773.20703
2021-05-01,2772.83838,2951.44092,2755.90845,2945.89282
2021-05-02,2945.56006,2984.89185,2860.52612,2952.05615
2021-05-03,2951.17578,3450.03784,2951.17578,3431.08618
2021-05-04,3431.13159,3523.58594,3180.74268,3253.62939
2021-05-05,3240.55469,3541.46265,3213.10156,3522.7832
2021-05-06,3524.93091,3598.896,3386.23999,3490.88037
2021-05-07,3490.10522,3573.29004,3370.26196,3484.729
2021-05-08,3481.98804,3950.16504,3453.76855,3902.64771
2021-05-09,3911.46313,3981.25903,3743.98901,3928.84473
2021-05-10,3924.41333,4197.47314,3684.45166,3952.29395
2021-05-11,3948.27197,4178.20898,3783.8894,4168.70117
2021-05-12,4174.63574,4362.35059,3785.84863,3785.84863
2021-05-13,3828.91846,4032.56348,3549.40723,3715.14844
2021-05-14,3720.12231,4171.01709,3703.3999,4079.05737
2021-05-15,4075.95166,4129.18555,3638.12207,3638.12207
2021-05-16,3641.83081,3878.896,3350.95166,3587.5061
2021-05-17,3581.34302,3587.76562,3129.00879,3282.39771
2021-05-18,3276.87231,3562.46509,3246.40405,3380.07007
2021-05-19,3382.65723,3437.93579,1952.46021,2460.6792
2021-05-20,2439.63867,2993.14526,2170.229,2784.29419
2021-05-21,2772.34131,2938.20508,2113.34717,2430.62134
2021-05-22,2436.01465,2483.98315,2168.12427,2295.70557
2021-05-23,2298.36719,2384.41162,1737.46875,2109.57983
2021-05-24,2099.93604,2672.5957,2090.63965,2643.59106
2021-05-25,2649.0332,2750.53491,2394.35547,2706.62891
2021-05-26,2707.05273,2911.7356,2652.09448,2888.69873
2021-05-27,2888.75244,2888.75244,2642.60791,2736.48853
2021-05-28,2742.46899,2761.36328,2336.36133,2419.90625
2021-05-29,2414.06714,2566.93848,2208.49097,2279.51416
2021-05-30,2278.28882,2472.18774,2188.83447,2390.30542
2021-05-31,2387.19849,2715.85498,2279.50513,2714.94531
2021-06-01,2707.56055,2739.73755,2531.16064,2633.51831
2021-06-02,2634.45605,2801.39233,2555.40137,2706.125
2021-06-03,2708.37622,2891.25488,2667.68433,2855.12646
2021-06-04,2857.16553,2857.16553,2562.63745,2688.19507
2021-06-05,2691.61938,2817.48486,2558.23364,2630.5769
2021-06-06,2629.74878,2743.44116,2616.16235,2715.09277
2021-06-07,2713.04736,2845.18506,2583.99512,2590.26318
2021-06-08,2594.60229,2620.84619,2315.54663,2517.43872
2021-06-09,2510.19922,2625.07056,2412.19775,2608.26709
2021-06-10,2611.14258,2619.95776,2435.40161,2471.51855
2021-06-11,2472.85889,2495.41479,2326.86963,2353.7688
2021-06-12,2354.7522,2447.22778,2265.75806,2372.48438
2021-06-13,2372.69019,2547.36792,2312.64014,2508.3916
2021-06-14,2508.77051,2606.43286,2469.38818,2537.89111
2021-06-15,2587.7627,2639.22925,2515.15308,2610.93677
2021-06-16,2544.86475,2554.62891,2354.35059,2367.66357
2021-06-17,2367.3064,2457.17554,2312.30151,2372.00195
2021-06-18,2374.58691,2377.19507,2147.30835,2231.73315
2021-06-19,2235.15918,2278.41504,2168.88501,2178.49902
2021-06-20,2171.33789,2275.38281,2049.96265,2246.3645
2021-06-21,2245.31787,2259.46411,1867.18542,1888.44751
2021-06-22,1886.6676,1993.15979,1707.60059,1874.95007
2021-06-23,1878.625,2043.5304,1827.57153,1989.73633
2021-06-24,1968.9574,2032.33936,1887.43201,1988.4563
2021-06-25,1989.21582,2017.75952,1794.40039,1813.21729
2021-06-26,1810.88428,1850.17981,1719.55945,1829.23926
2021-06-27,1830.99695,1979.95813,1811.24585,1978.89465
2021-06-28,1981.38647,2139.80542,1963.61548,2079.65747
2021-06-29,2083.44873,2242.23877,2076.24023,2160.76831
2021-06-30,2164.21631,2282.98901,2090.76074,2274.54761
2021-07-01,2274.39746,2274.39746,2081.08105,2113.60547
2021-07-02,2109.89258,2155.59644,2021.82483,2150.04028
2021-07-03,2150.83496,2237.56714,2117.59009,2226.11426
2021-07-04,2226.55029,2384.28687,2190.83765,2321.72412
2021-07-05,2321.92285,2321.92285,2163.0415,2198.58252
2021-07-06,2197.91943,2346.29492,2197.91943,2324.67944
2021-07-07,2323.2085,2403.77344,2298.02686,2315.16187
2021-07-08,2317.94922,2324.00684,2089.41431,2120.02637
2021-07-09,2115.57397,2185.37622,2051.06665,2146.69238
2021-07-10,2146.99976,2190.12402,2081.92358,2111.40356
2021-07-11,2110.87573,2172.65332,2083.80371,2139.66479
2021-07-12,2140.50684,2167.71021,2011.01892,2036.72107
2021-07-13,2034.09839,2040.6936,1922.57788,1940.08398
2021-07-14,1941.16785,2015.10742,1869.22314,1994.3313
2021-07-15,1994.71204,2037.74255,1883.27222,1911.17566
2021-07-16,1916.59839,1959.69629,1853.59033,1880.38293
2021-07-17,1876.88135,1917.5979,1855.59082,1898.8252
2021-07-18,1900.19434,1988.33643,1883.01257,1895.55212
2021-07-19,1893.05359,1916.11804,1807.90991,1817.29663
2021-07-20,1819.08203,1836.99805,1722.05078,1787.51074
2021-07-21,1786.27625,2025.68042,1759.02332,1990.97083
2021-07-22,1994.82288,2044.11646,1954.29785,2025.20276
2021-07-23,2025.10571,2129.44116,2000.43628,2124.77661
2021-07-24,2123.96118,2197.64941,2107.32349,2189.21875
2021-07-25,2187.14551,2194.43823,2108.82983,2191.37378
2021-07-26,2191.30981,2428.81714,2177.32959,2233.3667
2021-07-27,2230.19702,2316.9502,2154.7312,2298.3335
2021-07-28,2302.0813,2341.77783,2250.91406,2296.54541
2021-07-29,2299.01196,2396.4519,2273.40479,2380.95679
2021-07-30,2382.54517,2469.70483,2322.33716,2466.96143
2021-07-31,2461.57568,2551.16113,2423.81616,2536.20996
2021-08-01,2530.46289,2695.42944,2520.93188,2561.85205
2021-08-02,2557.77466,2665.73096,2511.37524,2610.15332
2021-08-03,2609.41309,2630.31421,2449.35352,2502.34961
2021-08-04,2508.54492,2764.4436,2463.46948,2724.61987
2021-08-05,2725.66968,2840.43066,2540.68408,2827.32886
2021-08-06,2827.50342,2944.90332,2727.79272,2890.94165
2021-08-07,2891.70752,3170.22974,2868.53564,3157.23877
2021-08-08,3161.23267,3184.604,2951.74731,3013.73267
2021-08-09,3012.88574,3185.70117,2900.92603,3167.8562
2021-08-10,3163.05005,3228.94067,3059.229,3141.69116
2021-08-11,3142.83032,3269.20947,3122.9165,3164.24512
2021-08-12,3164.17578,3236.3147,2984.16699,3043.41431
2021-08-13,3049.00122,3324.67163,3037.67603,3322.21167
2021-08-14,3322.7627,3329.28101,3214.51978,3265.44336
2021-08-15,3266.27612,3320.08423,3117.79175,3310.50415
2021-08-16,3309.42212,3333.99487,3139.77856,3156.50952
2021-08-17,3149.38037,3288.81274,2996.46826,3014.84595
2021-08-18,3011.96362,3124.97607,2959.02832,3020.08984
2021-08-19,3019.12695,3184.43555,2963.15015,3182.70215
2021-08-20,3182.1626,3298.24658,3178.10376,3286.9353
2021-08-21,3286.93164,3307.35156,3209.86621,3226.08398
2021-08-22,3226.22729,3272.73315,3142.00708,3242.11548
2021-08-23,3241.35742,3373.38428,3235.85132,3319.25732
2021-08-24,3324.85547,3358.68823,3154.12134,3172.4563
2021-08-25,3174.26978,3248.72729,3086.11499,3224.91528
2021-08-26,3228.74731,3249.65527,3060.22876,3100.32544
2021-08-27,3096.40601,3281.84058,3064.48511,3270.60083
2021-08-28,3275.10449,3284.84595,3217.40356,3244.40332
2021-08-29,3246.771,3283.2356,3158.84033,3227.00269
2021-08-30,3227.19263,3346.58105,3151.44458,3224.37427
2021-08-31,3227.75806,3466.99219,3195.21655,3433.73267
2021-09-01,3430.76245,3836.86743,3387.40845,3834.82812
2021-09-02,3825.02783,3830.71143,3726.75049,3790.98999
2021-09-03,3787.48657,4022.46924,3712.67822,3940.61475
2021-09-04,3937.91016,3969.44873,3837.93115,3887.82837
2021-09-05,3886.33105,3979.18652,3838.4873,3952.13354
2021-09-06,3951.52075,3968.42651,3868.99438,3928.37939
2021-09-07,3926.52759,3945.31421,3062.22241,3426.39429
2021-09-08,3428.37817,3559.12134,3224.76489,3497.31519
2021-09-09,3452.54834,3562.99268,3400.51709,3427.34009
2021-09-10,3425.56494,3512.57129,3157.05908,3211.50586
2021-09-11,3209.03052,3346.52637,3208.96191,3270.27808
2021-09-12,3270.29175,3462.46826,3235.10938,3410.13452
2021-09-13,3407.47192,3426.5022,3121.51416,3285.51172
2021-09-14,3286.31641,3429.16968,3273.63086,3429.16968
2021-09-15,3431.21729,3615.28271,3365.91309,3615.28271
2021-09-16,3613.07373,3673.31079,3489.80566,3571.29492
2021-09-17,3569.56812,3589.30518,3356.44995,3398.53882
2021-09-18,3397.42285,3540.80762,3371.89233,3432.01831
2021-09-19,3433.28784,3448.32202,3286.17236,3329.448
2021-09-20,3329.67065,3343.32544,2940.83911,2958.99341
2021-09-21,2977.31055,3101.69751,2676.40747,2764.43115
2021-09-22,2763.20923,3089.08301,2741.44067,3077.86792
2021-09-23,3077.97437,3173.54468,3038.0979,3155.52368
2021-09-24,3154.56201,3159.64404,2747.33765,2931.66919
2021-09-25,2930.88477,2968.99463,2818.97046,2925.56567
2021-09-26,2926.34302,3114.85742,2744.58301,3062.26538
2021-09-27,3065.83789,3163.66504,2932.69287,2934.13892
2021-09-28,2928.96338,2970.77051,2793.3606,2807.29663
2021-09-29,2809.29761,2946.88135,2786.98828,2853.14331
2021-09-30,2852.55884,3046.51953,2840.28955,3001.67896
2021-10-01,3001.12939,3329.85352,2978.6543,3307.51611
2021-10-02,3308.87036,3464.8374,3260.02759,3391.69434
2021-10-03,3390.76758,3484.60571,3348.12012,3418.35864
2021-10-04,3418.77637,3434.77539,3283.44873,3380.08911
2021-10-05,3381.78442,3541.45166,3365.81763,3518.51855
2021-10-06,3516.57031,3622.55127,3354.46973,3580.56201
2021-10-07,3576.81445,3650.01318,3479.90918,3587.97485
2021-10-08,3587.83276,3667.95752,3547.82812,3563.75928
2021-10-09,3559.9978,3628.2373,3544.64038,3575.7168
2021-10-10,3575.02051,3603.24487,3414.97095,3425.85278
2021-10-11,3419.72681,3622.28955,3385.76172,3545.354
2021-10-12,3546.47778,3546.47778,3407.33813,3492.57324
2021-10-13,3492.75366,3607.7417,3417.60205,3606.20166
2021-10-14,3604.95898,3819.25854,3590.27515,3786.01416
2021-10-15,3790.1543,3895.46631,3735.36353,3862.63477
2021-10-16,3865.6665,3962.45312,3805.88599,3830.38208
2021-10-17,3829.85889,3914.89795,3660.72339,3847.10449
2021-10-18,3847.72998,3888.20923,3686.75049,3748.76025
2021-10-19,3747.16284,3883.92871,3736.78027,3877.65088
2021-10-20,3877.73096,4167.47217,3833.28809,4155.99219
2021-10-21,4161.71338,4366.08838,4032.48389,4054.32275
2021-10-22,4055.68652,4162.97559,3908.34033,3970.18188
2021-10-23,3971.35645,4171.66357,3944.63184,4171.66357
2021-10-24,4171.85596,4185.72949,3967.12036,4087.90308
2021-10-25,4084.42578,4236.66699,4072.03467,4217.87695
2021-10-26,4217.33789,4289.13135,4106.82373,4131.10205
2021-10-27,4132.17334,4299.15283,3930.25732,3930.25732
2021-10-28,3924.81543,4293.15088,3905.70605,4287.31885
2021-10-29,4288.68652,4455.73535,4271.70752,4414.74658
2021-10-30,4414.24365,4426.84863,4252.49414,4325.65039
2021-10-31,4322.74414,4394.44971,4179.01611,4288.07422
2021-11-01,4288.21729,4377.32227,4160.9668,4324.62695
2021-11-02,4322.50098,4599.94824,4288.68652,4584.79883
2021-11-03,4589.68457,4664.91016,4462.97607,4607.19385
2021-11-04,4604.67871,4606.51611,4426.62256,4537.32422
2021-11-05,4537.42334,4570.896,4447.4873,4486.24316
2021-11-06,4482.64795,4530.99707,4334.97363,4521.58105
2021-11-07,4523.98193,4640.92188,4510.98438,4620.55469
2021-11-08,4619.64941,4822.36328,4619.64941,4812.0874
2021-11-09,4810.07129,4837.58936,4718.03906,4735.06885
2021-11-10,4733.36279,4859.50293,4485.09326,4636.17432
2021-11-11,4635.45361,4778.05908,4580.99023,4730.38428
2021-11-12,4724.30664,4808.73877,4510.92041,4667.11523
2021-11-13,4666.71924,4702.11523,4582.18066,4651.46045
2021-11-14,4648.63281,4689.84277,4516.93555,4626.35889
2021-11-15,4627.09082,4764.63623,4546.59912,4557.50391
2021-11-16,4570.47803,4891.70459,4144.33496,4216.36523
2021-11-17,4213.91064,4300.30664,4107.12598,4287.59375
2021-11-18,4287.80225,4343.55713,3959.22778,4000.65088
2021-11-19,3995.72949,4311.71387,3982.91748,4298.30664
2021-11-20,4298.35059,4434.38818,4209.24268,4409.93115
2021-11-21,4412.19531,4422.4917,4255.45508,4269.73291
2021-11-22,4266.50928,4302.02295,4033.57227,4088.45776
2021-11-23,4089.68042,4385.4834,4069.7666,4340.76367
2021-11-24,4340.03613,4376.87598,4176.18359,4239.98145
2021-11-25,4271.39453,4550.51807,4249.77441,4274.74316
2021-11-26,4522.20898,4550.84229,3933.50659,4030.90894
2021-11-27,4042.99902,4187.68408,4033.51392,4096.91211
2021-11-28,4101.64893,4297.9165,3989.96997,4294.45361
2021-11-29,4296.94678,4460.84863,4284.50488,4445.10498
2021-11-30,4447.76807,4753.26611,4358.07422,4631.479
2021-12-01,4623.67969,4780.73242,4530.27246,4586.99023
2021-12-02,4586.33301,4628.91992,4441.50781,4511.30225
2021-12-03,4514.35596,4647.28906,4100.14551,4220.70605
2021-12-04,4227.76221,4242.72559,3525.49414,4119.5874
2021-12-05,4119.62891,4246.92334,4040.21753,4198.32275
2021-12-06,4199.0,4375.52051,3930.80664,4358.7373
2021-12-07,4358.58691,4428.58936,4264.32373,4315.06152
2021-12-08,4311.67432,4453.1123,4234.5376,4439.35791
2021-12-09,4433.0249,4482.31396,4078.84424,4119.81592
2021-12-10,4113.58838,4227.11182,3897.76758,3908.49609
2021-12-11,3909.66772,4095.64844,3846.05444,4084.45239
2021-12-12,4084.81128,4173.60889,3993.05591,4134.45312
2021-12-13,4136.35986,4145.95508,3680.60913,3784.22681
2021-12-14,3782.82275,3866.63379,3700.10474,3745.44043
2021-12-15,3862.25146,4086.3728,3664.71997,4018.38867
2021-12-16,4020.41504,4110.36865,3956.05713,3962.46973
2021-12-17,3959.01245,3992.79248,3711.42456,3879.48657
2021-12-18,3880.2915,3993.82983,3774.61499,3960.86011
2021-12-19,3960.87231,4018.65845,3894.39868,3922.59253
2021-12-20,3923.6958,3980.09863,3759.40332,3933.84448
2021-12-21,3938.46387,4058.82129,3918.83789,4020.26001
2021-12-22,4018.6958,4073.7915,3947.69019,3982.09961
2021-12-23,3981.96167,4149.02686,3897.23438,4108.01562
2021-12-24,4111.34521,4134.10645,4029.06445,4047.98291
2021-12-25,4049.78198,4138.56494,4027.927,4093.28101
2021-12-26,4094.15161,4105.02393,4013.02637,4067.32812
2021-12-27,4064.74634,4126.00146,4033.49243,4037.54761
2021-12-28,4037.53809,4037.53809,3769.28003,3800.89307
2021-12-29,3797.43628,3827.98193,3612.7959,3628.53174
2021-12-30,3632.21973,3767.55981,3595.20483,3713.85205
2021-12-31,3713.43018,3807.28882,3636.86987,3682.63281
2022-01-01,3683.04712,3769.91797,3682.28662,3769.69702
2022-01-02,3769.29834,3836.16187,3727.35742,3829.56494
2022-01-03,3829.53564,3836.19873,3698.04761,3761.38037
2022-01-04,3761.36157,3876.78516,3723.34985,3794.05664
2022-01-05,3794.26904,3842.05981,3456.74536,3550.38696
2022-01-06,3549.70898,3549.70898,3335.37671,3418.4082
2022-01-07,3417.83789,3420.46191,3117.38135,3193.21045
2022-01-08,3193.50244,3240.30444,3020.88086,3091.97266
2022-01-09,3091.69629,3206.79077,3075.91138,3157.75146
2022-01-10,3157.57056,3177.21338,2947.68359,3083.0979
2022-01-11,3082.99097,3247.51196,3061.14062,3238.11157
2022-01-12,3238.44995,3401.21997,3216.71802,3372.2583
2022-01-13,3372.10498,3396.96973,3247.91748,3248.28857
2022-01-14,3248.64868,3330.76611,3203.82373,3310.00146
2022-01-15,3309.84424,3364.53784,3278.6709,3330.53076
2022-01-16,3330.38721,3376.40112,3291.56372,3350.92188
2022-01-17,3350.94727,3355.81934,3157.22412,3212.30493
2022-01-18,3212.2876,3236.01611,3096.12354,3164.02515
2022-01-19,3163.85034,3171.15845,3055.2124,3095.82593
2022-01-20,3095.27173,3265.33691,3000.9082,3001.12012
2022-01-21,3002.95679,3029.08105,2496.81299,2557.93164
2022-01-22,2561.14526,2615.24731,2330.24731,2405.18115
2022-01-23,2406.92432,2542.14478,2381.51514,2535.03906
2022-01-24,2535.89111,2537.2085,2172.30127,2440.35229
2022-01-25,2440.39355,2498.50708,2359.38477,2455.93506
2022-01-26,2455.5791,2705.78418,2417.68311,2468.03027
2022-01-27,2467.18848,2510.45166,2328.45215,2423.00122
2022-01-28,2421.64697,2548.77856,2367.83374,2547.09204
2022-01-29,2546.59058,2627.60938,2526.98975,2597.08472
2022-01-30,2598.56494,2631.40845,2550.46094,2603.46655
2022-01-31,2603.26343,2697.73535,2489.07227,2688.27881
2022-02-01,2687.89893,2802.31543,2682.62183,2792.11719
2022-02-02,2791.95898,2802.21216,2630.12036,2682.854
2022-02-03,2682.22607,2712.48267,2587.78345,2679.1626
2022-02-04,2681.05762,2983.58691,2675.44385,2983.58691
2022-02-05,2984.44604,3054.13013,2966.78101,3014.64819
2022-02-06,3014.95972,3061.26123,2965.42993,3057.47607
2022-02-07,3057.42212,3182.52832,3002.927,3142.4707
2022-02-08,3143.00854,3219.47266,3038.37793,3122.60864
2022-02-09,3121.18262,3263.15576,3063.16016,3239.45703
2022-02-10,3240.11304,3271.31616,3070.37817,3077.48218
2022-02-11,3077.41309,3127.45068,2888.70776,2927.38354
2022-02-12,2927.38647,2980.07935,2870.177,2917.36279
2022-02-13,2916.78955,2947.77661,2845.39771,2883.46338
2022-02-14,2880.18774,2957.96362,2840.25757,2933.479
2022-02-15,2933.729,3185.52075,2917.85718,3179.8772
2022-02-16,3180.44678,3181.61694,3055.16821,3127.83008
2022-02-17,3126.8584,3154.61523,2861.85205,2881.48193
2022-02-18,2884.34058,2937.30859,2761.64331,2785.72754
2022-02-19,2784.8728,2826.3479,2707.37842,2763.70117
2022-02-20,2763.75659,2763.75659,2585.94629,2628.64844
2022-02-21,2627.66553,2752.4585,2568.25439,2573.81616
2022-02-22,2572.89868,2648.91675,2510.67871,2639.29932
2022-02-23,2639.44702,2741.36841,2587.41284,2590.35962
2022-02-24,2588.16626,2689.04761,2308.91479,2598.06714
2022-02-25,2598.43628,2821.97241,2579.20801,2764.53564
2022-02-26,2764.9895,2849.42407,2745.00903,2781.11182
2022-02-27,2780.50439,2831.12549,2581.61572,2621.80176
2022-02-28,2621.17212,2929.18042,2586.38818,2919.20117
2022-03-01,2919.77588,3029.65161,2868.93896,2972.48511
2022-03-02,2972.47192,3026.86816,2919.94312,2950.11841
2022-03-03,2950.15674,2964.67334,2797.31934,2834.46899
2022-03-04,2834.9873,2835.17627,2587.74829,2617.15601
2022-03-05,2618.47363,2679.10254,2596.98999,2664.83105
2022-03-06,2664.9436,2673.63721,2555.03735,2555.03735
2022-03-07,2555.29761,2639.94312,2455.59375,2497.77124
2022-03-08,2497.72144,2618.16602,2489.75513,2576.74756
2022-03-09,2577.16528,2761.79639,2573.65527,2729.78345
2022-03-10,2729.11646,2729.11646,2566.19312,2608.04858
2022-03-11,2608.27124,2664.55859,2534.68823,2559.56299
2022-03-12,2559.66064,2606.43872,2559.12695,2574.75415
2022-03-13,2573.48804,2594.5498,2503.88525,2518.94458
2022-03-14,2518.48633,2604.03442,2505.29932,2590.69604
2022-03-15,2590.66895,2662.32959,2515.76587,2620.14966
2022-03-16,2620.02856,2781.30713,2610.7644,2772.05566
2022-03-17,2771.96411,2826.16064,2751.56079,2814.85449
2022-03-18,2814.43457,2973.61621,2774.85571,2945.34302
2022-03-19,2944.72168,2979.98706,2910.80225,2946.25708
2022-03-20,2946.54761,2956.96558,2826.10742,2860.45923
2022-03-21,2860.10327,2954.55664,2838.25049,2897.97656
2022-03-22,2897.77417,3040.38281,2892.54443,2973.1311
2022-03-23,2973.14502,3036.7522,2933.30664,3031.06714
2022-03-24,3031.06079,3118.3877,3012.32666,3108.06201
2022-03-25,3108.44897,3183.95801,3087.49072,3106.67139
2022-03-26,3106.40527,3146.82544,3091.82544,3143.17896
2022-03-27,3143.79565,3291.57764,3129.9978,3291.57764
2022-03-28,3292.32251,3424.01929,3279.0271,3336.63452
2022-03-29,3335.02124,3470.18628,3335.02124,3401.98779
2022-03-30,3401.52612,3435.28613,3349.23706,3385.15796
2022-03-31,3385.28931,3435.12842,3272.93457,3281.64282
2022-04-01,3282.57617,3467.55591,3223.89136,3449.55225
2022-04-02,3449.78857,3521.28467,3442.00024,3445.05933
2022-04-03,3444.81055,3573.96021,3421.25977,3522.8335
2022-04-04,3522.36499,3535.14819,3422.00098,3521.24121
2022-04-05,3521.23975,3546.70679,3410.54761,3411.79248
2022-04-06,3411.67212,3411.67212,3171.20508,3171.69189
2022-04-07,3172.19727,3263.47461,3155.58105,3233.27466
2022-04-08,3233.27246,3301.60742,3179.14233,3192.07397
2022-04-09,3191.97607,3261.96313,3187.46924,3261.91626
2022-04-10,3261.2915,3303.00317,3211.86694,3211.86694
2022-04-11,3209.5769,3214.46191,2962.75659,2981.05225
2022-04-12,2981.42065,3077.45264,2957.87231,3030.37646
2022-04-13,3029.87793,3123.57544,3006.48169,3118.34424
2022-04-14,3117.82178,3139.92871,2988.4353,3019.90942
2022-04-15,3020.13452,3044.28735,3001.12329,3040.9165
2022-04-16,3041.12329,3074.88696,3016.42114,3062.3103
2022-04-17,3061.88184,3075.77588,2989.04395,2993.40332
2022-04-18,2993.48389,3062.521,2893.91284,3057.60669
2022-04-19,3057.57031,3125.08423,3035.53516,3104.10645
2022-04-20,3103.93506,3157.88574,3045.28833,3077.74585
2022-04-21,3077.82935,3173.45142,2962.4104,2987.48071
2022-04-22,2986.93872,3024.85449,2942.35864,2964.83569
2022-04-23,2964.80225,2975.32275,2926.74023,2938.11401
2022-04-24,2937.34717,2961.88208,2922.12866,2922.73267
2022-04-25,2922.99023,3018.41553,2804.50708,3009.39355
2022-04-26,3008.94629,3026.41504,2786.25317,2808.29834
2022-04-27,2808.646,2911.87744,2802.27344,2888.92969
2022-04-28,2888.84985,2973.13501,2861.82153,2936.94092
2022-04-29,2936.77661,2943.4458,2782.4353,2815.60181
2022-04-30,2815.53345,2836.82764,2727.40625,2730.18677
2022-05-01,2729.99414,2838.70435,2728.07886,2827.7561
2022-05-02,2827.61401,2874.146,2785.52295,2857.4104
2022-05-03,2857.15234,2859.19336,2762.11865,2783.47632
2022-05-04,2783.1311,2956.68677,2779.27368,2940.64478
2022-05-05,2940.22656,2948.96069,2704.91626,2749.21313
2022-05-06,2748.93164,2754.83765,2645.33521,2694.97974
2022-05-07,2694.99194,2696.65283,2599.52344,2636.09302
2022-05-08,2636.12183,2638.83057,2498.43018,2517.45996
2022-05-09,2518.5083,2528.25806,2238.06274,2245.43042
2022-05-10,2242.65039,2450.76025,2206.75684,2343.51099
2022-05-11,2342.75415,2441.07935,2018.85559,2072.10864
2022-05-12,2072.50464,2170.45801,1748.3031,1961.70154
2022-05-13,1960.12256,2139.71338,1941.97595,2014.41821
2022-05-14,2014.28064,2063.42993,1956.573,2056.27393
2022-05-15,2056.18311,2147.19434,2008.16272,2145.70679
2022-05-16,2145.83691,2145.83691,1988.81177,2022.72595
2022-05-17,2022.88232,2113.05981,2015.97156,2090.40918
2022-05-18,2090.45996,2102.32666,1916.65613,1916.65613
2022-05-19,1916.14954,2028.38818,1907.02051,2018.33618
2022-05-20,2018.00012,2054.7959,1926.67676,1961.31567
2022-05-21,1961.01794,1985.396,1944.26514,1974.51831
2022-05-22,1974.67065,2047.19141,1966.03882,2043.17017
2022-05-23,2042.34473,2080.3335,1964.3866,1972.18188
2022-05-24,1972.39087,1991.53552,1920.68811,1978.98279
2022-05-25,1978.677,2014.36951,1943.9386,1944.82788
2022-05-26,1945.03333,1962.17114,1759.19958,1803.91333
2022-05-27,1802.54382,1814.65649,1721.26477,1724.92285
2022-05-28,1724.63599,1757.94177,1724.63599,1757.94177
2022-05-29,1792.18445,1818.77661,1765.93738,1812.03101
2022-05-30,1811.88599,2005.21082,1804.45605,1996.44128
2022-05-31,1996.40808,2005.49097,1932.35205,1942.328
2022-06-01,1942.05066,1965.16663,1776.05322,1823.56934
2022-06-02,1822.41211,1845.31396,1789.66418,1834.15051
2022-06-03,1834.13501,1840.05884,1746.50977,1775.07861
2022-06-04,1775.22083,1810.29968,1751.53333,1801.6095
2022-06-05,1801.81897,1825.85962,1777.1333,1805.20496
2022-06-06,1805.63599,1915.03052,1804.99023,1859.28967
2022-06-07,1859.33374,1862.91492,1729.41357,1814.04834
2022-06-08,1814.10071,1830.67603,1770.2312,1793.57227
2022-06-09,1793.51282,1827.29309,1779.86755,1789.82605
2022-06-10,1789.68994,1797.60779,1663.43396,1665.04224
2022-06-11,1665.2179,1679.31421,1507.03894,1529.66345
2022-06-12,1530.1897,1539.70508,1436.18396,1445.21655
2022-06-13,1443.83545,1448.73804,1181.94824,1204.58276
2022-06-14,1204.5553,1252.4718,1094.7019,1211.66284
2022-06-15,1211.36597,1236.62756,1025.6842,1233.20642
2022-06-16,1233.60352,1246.14062,1058.78455,1067.73071
2022-06-17,1067.98767,1112.47156,1060.86768,1086.51929
2022-06-18,1086.37793,1095.16687,896.10901,993.63678
2022-06-19,993.40063,1142.34082,943.11633,1127.65649
2022-06-20,1127.65625,1159.98535,1066.11316,1127.64246
2022-06-21,1127.51184,1185.4325,1112.57263,1124.82458
2022-06-22,1125.37292,1126.26172,1049.76331,1051.42188
2022-06-23,1051.32935,1146.49426,1050.2196,1143.38672
2022-06-24,1143.20471,1238.61694,1134.51404,1226.84473
2022-06-25,1226.72473,1246.39429,1184.56201,1243.4469
2022-06-26,1242.98755,1272.13123,1199.40637,1199.83167
2022-06-27,1199.71313,1234.18079,1179.79248,1193.68066
2022-06-28,1193.25403,1229.73901,1141.15967,1144.57922
2022-06-29,1144.52441,1152.68481,1092.09912,1098.94385
2022-06-30,1099.35315,1103.69043,1009.09485,1067.29883
2022-07-01,1068.31677,1100.22388,1040.15076,1059.76733
2022-07-02,1060.12122,1073.05261,1033.96216,1066.51282
2022-07-03,1066.46741,1083.41895,1044.00562,1073.76697
2022-07-04,1073.79431,1152.94385,1048.39636,1151.05908
2022-07-05,1150.50977,1165.68274,1086.82996,1134.54102
2022-07-06,1134.82227,1193.63672,1116.24756,1186.974
2022-07-07,1186.96094,1246.8949,1165.62317,1237.59338
2022-07-08,1237.58032,1262.88574,1200.6322,1222.50623
2022-07-09,1222.30688,1228.76794,1209.37756,1216.97827
2022-07-10,1216.90442,1216.90442,1157.17554,1168.40161
2022-07-11,1168.13904,1169.19385,1095.00281,1097.23657
2022-07-12,1097.25916,1097.25916,1038.13562,1038.19165
2022-07-13,1038.18665,1113.58716,1019.22034,1113.58716
2022-07-14,1113.51575,1202.95337,1077.40576,1191.52625
2022-07-15,1191.6748,1275.7782,1182.9032,1233.12915
2022-07-16,1232.79163,1377.94458,1195.60596,1352.62646
2022-07-17,1353.20508,1378.41748,1329.76331,1338.63574
2022-07-18,1338.80603,1578.7179,1338.80603,1578.7179
2022-07-19,1578.38391,1607.03308,1501.79749,1542.97522
2022-07-20,1542.95435,1612.64575,1500.80322,1520.20068
2022-07-21,1520.37451,1595.76196,1472.18542,1576.74951
2022-07-22,1576.74536,1641.20923,1523.64172,1537.40515
2022-07-23,1536.4574,1591.63257,1495.6781,1549.29749
2022-07-24,1549.22253,1654.42871,1548.67114,1599.47668
2022-07-25,1599.15723,1605.33691,1445.38342,1445.38342
2022-07-26,1445.15112,1445.15112,1362.95166,1441.80676
2022-07-27,1443.72681,1636.79944,1423.6189,1636.23267
2022-07-28,1636.23193,1774.57642,1604.89099,1725.46814
2022-07-29,1725.6239,1759.88403,1662.79114,1727.40698
2022-07-30,1727.06189,1738.01685,1678.10803,1695.96948
2022-07-31,1695.88477,1745.88318,1672.61279,1681.51733
2022-08-01,1681.44556,1700.1709,1613.41602,1635.1958
2022-08-02,1634.64587,1672.62976,1567.85107,1632.94543
2022-08-03,1633.05127,1678.09827,1595.63452,1618.87451
2022-08-04,1618.88672,1658.5116,1585.32654,1608.20581
2022-08-05,1607.52393,1732.25464,1606.49707,1732.25464
2022-08-06,1732.66113,1744.32642,1691.65808,1691.65808
2022-08-07,1691.77795,1724.78918,1672.90845,1699.35083
2022-08-08,1699.69348,1806.88647,1697.40796,1775.51611
2022-08-09,1776.07129,1786.12256,1675.84985,1703.02502
2022-08-10,1702.90649,1869.40063,1665.09045,1851.74268
2022-08-11,1851.82837,1927.93921,1851.82837,1881.22412
2022-08-12,1880.89917,1957.55298,1860.0835,1957.24646
2022-08-13,1957.33398,2013.75574,1948.59521,1981.33655
2022-08-14,1981.78247,2022.7915,1919.01013,1936.802
2022-08-15,1936.7605,2007.21033,1881.85681,1904.22815
2022-08-16,1902.83313,1910.74536,1862.27344,1878.1394
2022-08-17,1877.93433,1951.67566,1823.53223,1832.99963
2022-08-18,1833.71558,1876.37695,1826.95776,1847.00781
2022-08-19,1847.09534,1847.09534,1611.33887,1612.9873
2022-08-20,1612.65063,1652.21875,1534.29883,1577.00378
2022-08-21,1576.54358,1640.93652,1569.04651,1619.31897
2022-08-22,1619.16687,1622.77881,1535.01477,1622.50586
2022-08-23,1622.93933,1666.67651,1569.42859,1662.7699
2022-08-24,1662.69543,1686.55774,1610.09924,1657.0592
2022-08-25,1657.33655,1718.18323,1656.85608,1696.45703
2022-08-26,1696.32458,1698.56104,1498.77124,1507.78284
2022-08-27,1508.15698,1517.15002,1454.28296,1491.39502
2022-08-28,1491.20679,1505.79199,1430.54736,1430.54736
2022-08-29,1430.43945,1556.30957,1427.72839,1553.03735
2022-08-30,1553.18896,1600.46118,1480.83179,1523.83887
2022-08-31,1524.2865,1612.35889,1524.2865,1553.68494
2022-09-01,1553.75635,1593.08276,1520.18835,1586.17676
2022-09-02,1586.01794,1643.18323,1551.87793,1577.22046
2022-09-03,1577.21375,1579.45435,1541.67212,1556.87268
2022-09-04,1556.89587,1578.00928,1543.69885,1577.6416
2022-09-05,1577.88403,1621.66138,1559.78186,1617.18323
2022-09-06,1617.24023,1680.59534,1561.74854,1561.74854
2022-09-07,1560.90674,1651.05115,1500.01367,1629.90637
2022-09-08,1629.80518,1655.06409,1603.06384,1635.34766
2022-09-09,1635.18774,1735.80981,1632.83655,1719.08545
2022-09-10,1718.9613,1784.4978,1710.297,1776.20374
2022-09-11,1775.97607,1782.72986,1730.16479,1761.80005
2022-09-12,1762.08484,1778.16345,1698.29346,1713.76526
2022-09-13,1713.96252,1745.77905,1564.03186,1580.78796
2022-09-14,1574.85815,1642.15723,1564.03186,1634.755
2022-09-15,1635.08301,1648.94568,1466.1394,1471.69348
2022-09-16,1471.92834,1480.56421,1415.5813,1432.44775
2022-09-17,1432.87646,1473.06042,1415.04236,1469.7417
2022-09-18,1469.70544,1469.70544,1331.49475,1335.3291
2022-09-19,1335.27075,1388.27222,1287.4209,1377.54138
2022-09-20,1377.61902,1381.9657,1319.20142,1324.38818
2022-09-21,1324.21558,1384.47693,1229.42676,1252.60779
2022-09-22,1251.56738,1336.15784,1240.96826,1327.68018
2022-09-23,1327.4812,1353.28833,1270.19836,1328.25952
2022-09-24,1328.24463,1346.25525,1312.64026,1317.99329
2022-09-25,1317.93848,1333.37134,1275.62769,1294.2168
2022-09-26,1294.38611,1335.52637,1282.04932,1335.32019
2022-09-27,1335.33704,1396.89148,1308.99146,1330.12769
2022-09-28,1329.54138,1351.96448,1267.86926,1337.41089
2022-09-29,1337.55444,1348.10767,1293.19336,1335.65234
2022-09-30,1335.64648,1368.74341,1320.38318,1327.97864
2022-10-01,1328.19373,1332.51648,1306.10254,1311.64441
2022-10-02,1311.75342,1316.33008,1275.33606,1276.09351
2022-10-03,1276.16345,1326.55444,1271.15088,1323.43921
2022-10-04,1323.27832,1364.97095,1320.07666,1362.12659
2022-10-05,1361.9729,1362.45178,1320.8551,1352.83716
2022-10-06,1352.80664,1380.40491,1349.44995,1351.70947
2022-10-07,1351.83643,1359.32812,1321.74609,1332.51697
2022-10-08,1332.37134,1335.95483,1307.073,1315.50049
2022-10-09,1315.46021,1327.66882,1309.3446,1322.60425
2022-10-10,1322.61865,1335.66272,1291.33765,1291.33765
2022-10-11,1291.10962,1296.27393,1272.73767,1279.57568
2022-10-12,1279.7323,1303.0752,1277.52747,1294.90637
2022-10-13,1294.91736,1297.56421,1209.2782,1288.1239
2022-10-14,1288.04871,1339.74475,1285.3783,1297.42212
2022-10-15,1297.30591,1300.74597,1268.46851,1274.8717
2022-10-16,1275.00549,1312.63452,1275.00549,1306.29663
2022-10-17,1306.30957,1335.64783,1297.44727,1331.71362
2022-10-18,1331.66992,1339.08594,1291.66064,1310.44702
2022-10-19,1310.56311,1312.44238,1283.96533,1285.74426
2022-10-20,1285.66028,1307.8551,1275.32397,1283.20093
2022-10-21,1283.18811,1305.0813,1260.66675,1299.94641
2022-10-22,1299.90234,1317.10107,1295.9469,1314.29919
2022-10-23,1314.24951,1367.76074,1302.90881,1363.44702
2022-10-24,1363.49182,1368.42554,1327.854,1344.99854
2022-10-25,1344.7113,1509.98547,1336.97888,1461.66541
2022-10-26,1461.13318,1584.63672,1460.42871,1566.56665
2022-10-27,1566.84143,1574.40344,1510.81677,1514.37488
2022-10-28,1514.32312,1568.63391,1493.87109,1555.47791
2022-10-29,1555.27466,1652.3822,1549.98364,1619.69849
2022-10-30,1619.69788,1637.03784,1579.48523,1590.78333
2022-10-31,1590.48132,1630.45288,1555.91895,1572.71448
2022-11-01,1572.64539,1606.60571,1568.09851,1579.70459
2022-11-02,1579.49792,1613.41064,1507.24475,1519.71179
2022-11-03,1519.72485,1556.75964,1517.10168,1531.54175
2022-11-04,1531.39758,1661.33472,1529.26843,1645.09338
2022-11-05,1645.15649,1660.48645,1625.96423,1627.96802
2022-11-06,1627.90112,1634.13245,1572.23474,1572.23474
2022-11-07,1572.01697,1604.47534,1550.41553,1568.59131
2022-11-08,1568.32959,1574.7998,1259.44312,1332.83557
2022-11-09,1333.12244,1335.74353,1083.28564,1100.1698
2022-11-10,1100.10718,1341.79114,1093.12256,1299.4646
2022-11-11,1298.88245,1302.29529,1211.32959,1287.22107
2022-11-12,1287.43835,1288.15088,1242.15222,1255.26831
2022-11-13,1255.44128,1271.71252,1208.521,1221.81921
2022-11-14,1221.89551,1284.21765,1178.42908,1241.60425
2022-11-15,1241.67773,1283.19873,1238.68823,1251.73621
2022-11-16,1251.80884,1264.48633,1192.98779,1215.60254
2022-11-17,1215.84863,1224.9657,1189.15271,1200.80859
2022-11-18,1200.80212,1226.73743,1200.80212,1212.30029
2022-11-19,1212.21545,1227.83728,1200.47559,1218.42676
2022-11-20,1218.43628,1224.07776,1137.93323,1142.46667
2022-11-21,1142.39575,1142.39575,1084.8573,1108.35303
2022-11-22,1107.896,1136.44263,1081.13818,1135.17346
2022-11-23,1135.42151,1184.99731,1130.02283,1183.19958
2022-11-24,1183.34509,1211.62744,1180.37976,1203.98315
2022-11-25,1203.79944,1203.79944,1174.82336,1198.9259
2022-11-26,1198.79053,1227.03809,1198.0979,1205.89795
2022-11-27,1205.90527,1220.34949,1195.03906,1195.12695
2022-11-28,1194.96033,1198.73767,1156.0625,1170.08618
2022-11-29,1169.87439,1222.16418,1163.47754,1216.90125
2022-11-30,1216.92871,1302.0387,1215.49792,1295.6886
2022-12-01,1295.76953,1295.99988,1267.7085,1276.27393
2022-12-02,1276.32861,1294.30334,1269.24316,1294.30334
2022-12-03,1294.45654,1299.84033,1241.43188,1243.33484
2022-12-04,1243.21924,1281.49231,1242.91174,1280.25659
2022-12-05,1279.9989,1302.23755,1252.47241,1259.67676
2022-12-06,1259.85425,1271.92322,1247.62988,1271.65381
2022-12-07,1271.5531,1272.69409,1224.448,1232.4375
2022-12-08,1232.45178,1286.22974,1226.35852,1281.11633
2022-12-09,1281.07727,1290.05542,1260.81873,1264.28479
2022-12-10,1264.37549,1279.52795,1262.11987,1266.38416
2022-12-11,1266.41785,1281.7832,1260.6637,1263.86853
2022-12-12,1263.57349,1275.61035,1243.47778,1274.61902
2022-12-13,1274.66248,1341.43933,1258.47241,1320.54919
2022-12-14,1320.6886,1346.17444,1305.83337,1309.32874
2022-12-15,1309.1908,1311.06714,1262.68933,1266.35388
2022-12-16,1266.46057,1278.15698,1162.17566,1168.2594
2022-12-17,1168.06677,1189.04504,1165.40784,1188.14954
2022-12-18,1188.12854,1194.21448,1176.18579,1184.71521
2022-12-19,1184.7583,1192.92383,1160.3772,1167.60986
2022-12-20,1167.88269,1224.09265,1165.59949,1217.70361
2022-12-21,1217.58643,1218.19226,1206.44006,1213.59998
2022-12-22,1213.67261,1221.98682,1187.12781,1218.18213
2022-12-23,1218.07935,1226.99878,1215.99487,1220.15942
2022-12-24,1220.11792,1224.91162,1216.33875,1221.14856
2022-12-25,1221.17151,1223.51782,1203.7196,1218.96204
2022-12-26,1218.92017,1226.97437,1214.33594,1226.97437
2022-12-27,1226.98706,1230.41809,1205.89563,1212.79163
2022-12-28,1212.73657,1213.12891,1185.70215,1189.98608
2022-12-29,1190.01013,1204.1416,1188.36023,1201.59534
2022-12-30,1201.56958,1202.03467,1187.46252,1199.23279
2022-12-31,1199.36011,1205.08862,1194.20374,1196.77124
2023-01-01,1196.71362,1203.47534,1192.88538,1200.96484
2023-01-02,1201.10327,1219.8606,1195.21497,1214.65662
2023-01-03,1214.74402,1219.09534,1207.49158,1214.77881
2023-01-04,1214.71863,1264.8075,1213.16882,1256.52661
2023-01-05,1256.48462,1258.57153,1245.1731,1250.4386
2023-01-06,1250.45898,1273.22034,1240.94751,1269.37903
2023-01-07,1269.4198,1270.59827,1262.27112,1264.27039
2023-01-08,1264.18188,1287.3595,1260.22681,1287.3595
2023-01-09,1287.45081,1342.14417,1286.68079,1321.53894
2023-01-10,1321.39551,1342.7572,1318.52722,1336.58606
2023-01-11,1336.48682,1387.93274,1323.58313,1387.93274
2023-01-12,1405.35144,1432.28125,1378.42212,1417.93848
2023-01-13,1417.94617,1461.67273,1404.02393,1451.61487
2023-01-14,1451.42847,1563.73914,1450.9884,1550.70691
2023-01-15,1550.73157,1556.95081,1520.8938,1552.47949
2023-01-16,1552.51929,1594.03979,1529.57361,1576.8335
2023-01-17,1577.10742,1594.00098,1553.33594,1567.84607
2023-01-18,1567.69897,1602.10669,1509.42285,1515.50696
2023-01-19,1515.24963,1557.97034,1514.38,1552.55652
2023-01-20,1552.37366,1659.88574,1544.91785,1659.75415
2023-01-21,1659.70605,1674.17932,1626.81299,1627.11816
2023-01-22,1627.36597,1658.02344,1612.08569,1628.38208
2023-01-23,1628.55078,1641.21814,1607.90308,1628.2511
2023-01-24,1627.84827,1639.72388,1551.38977,1556.60425
2023-01-25,1556.8075,1632.2417,1530.79785,1611.71106
2023-01-26,1611.08093,1626.19824,1586.59814,1603.10596
2023-01-27,1603.08008,1617.00085,1565.245,1598.15649
2023-01-28,1598.12537,1604.7041,1565.39014,1572.43506
2023-01-29,1572.62952,1653.72498,1568.98486,1646.15564
2023-01-30,1646.14771,1646.65161,1546.66077,1567.32654
2023-01-31,1567.41992,1598.51758,1563.80432,1586.5354
2023-02-01,1586.48816,1644.72754,1566.8573,1641.79272
2023-02-02,1641.36597,1704.45813,1641.32263,1643.24158
2023-02-03,1642.90466,1670.6969,1634.22339,1664.74561
2023-02-04,1664.47229,1690.09961,1648.18921,1667.0592
2023-02-05,1667.1665,1671.77026,1616.39185,1631.64587
2023-02-06,1631.64526,1653.71545,1611.31909,1616.24707
2023-02-07,1616.00964,1673.79785,1614.86304,1672.00354
2023-02-08,1671.90527,1688.52722,1635.26501,1650.7168
2023-02-09,1651.08228,1655.23486,1537.18225,1546.43823
2023-02-10,1546.59656,1553.32568,1504.83447,1514.86914
2023-02-11,1514.94189,1541.33472,1510.14697,1539.92676
2023-02-12,1539.776,1545.5542,1501.46204,1515.03369
2023-02-13,1514.91699,1524.73145,1470.02393,1507.16589
2023-02-14,1506.99207,1562.0343,1497.19446,1556.87512
2023-02-15,1556.76514,1674.28979,1545.6897,1673.74597
2023-02-16,1673.86743,1732.80115,1638.14551,1640.06763
2023-02-17,1640.28015,1716.78186,1636.17383,1694.78333
2023-02-18,1694.74182,1705.30908,1683.67017,1691.81946
2023-02-19,1691.68018,1718.94763,1673.90662,1681.43616
2023-02-20,1682.33704,1716.48938,1659.29504,1702.67517
2023-02-21,1702.79785,1714.28564,1642.39673,1658.03638
2023-02-22,1658.14099,1663.99683,1604.80334,1643.23169
2023-02-23,1643.29858,1674.60156,1632.56616,1651.07385
2023-02-24,1650.89514,1661.09131,1583.14783,1608.37317
2023-02-25,1608.65833,1608.86511,1567.63171,1594.91492
2023-02-26,1594.76111,1645.27344,1590.39307,1640.81714
2023-02-27,1640.76367,1662.57568,1615.38794,1634.32642
2023-02-28,1634.50244,1644.43579,1602.4281,1605.89514
2023-03-01,1606.04041,1663.43372,1601.54858,1663.43372
2023-03-02,1663.54907,1672.05115,1622.59998,1647.31934
2023-03-03,1647.55774,1648.47534,1552.45154,1569.1676
2023-03-04,1569.27808,1575.63721,1551.73682,1566.92395
2023-03-05,1567.17932,1584.20886,1559.9541,1564.46875
2023-03-06,1564.38318,1579.4563,1557.36353,1567.39868
2023-03-07,1567.42468,1579.16223,1543.12756,1561.93311
2023-03-08,1561.97791,1568.17529,1534.08826,1534.08826
2023-03-09,1534.03162,1544.1084,1423.26477,1438.66077
2023-03-10,1438.76013,1438.76013,1378.52539,1429.15808
2023-03-11,1429.10083,1484.13696,1428.72314,1482.6167
2023-03-12,1482.43188,1607.15259,1461.61096,1590.29297
2023-03-13,1590.83118,1699.91174,1572.07471,1680.30896
2023-03-14,1680.29529,1779.91785,1665.90234,1703.50708
2023-03-15,1705.18994,1721.07922,1616.63037,1656.18054
2023-03-16,1656.33203,1693.13928,1639.26172,1677.21545
2023-03-17,1677.29675,1799.34399,1667.13184,1792.48511
2023-03-18,1793.59241,1840.35754,1751.26282,1761.65967
2023-03-19,1762.96326,1843.84412,1762.96326,1785.57654
2023-03-20,1785.41626,1807.72522,1728.10376,1735.32129
2023-03-21,1735.61792,1836.28857,1725.00732,1806.76074
2023-03-22,1804.95703,1821.45825,1717.76514,1737.71704
2023-03-23,1737.14087,1853.88806,1732.52466,1816.40515
2023-03-24,1815.81982,1819.9353,1730.34949,1752.0448
2023-03-25,1751.46948,1762.67456,1716.65198,1743.76477
2023-03-26,1743.84216,1797.88025,1741.18286,1775.67676
2023-03-27,1775.48132,1781.37927,1690.5166,1715.46082
2023-03-28,1715.32739,1791.11096,1702.5647,1772.78564
2023-03-29,1772.8999,1825.60095,1772.8999,1793.00183
2023-03-30,1793.34595,1827.28027,1766.2489,1792.73718
2023-03-31,1793.62012,1844.67737,1783.14221,1822.02209
2023-04-01,1821.70435,1840.1731,1811.11853,1813.8606
2023-04-02,1821.19214,1824.32886,1774.87244,1795.70813
2023-04-03,1794.92249,1839.15784,1765.51892,1810.29712
2023-04-04,1810.14209,1886.5946,1802.95544,1871.00513
2023-04-05,1870.96509,1937.49756,1865.94189,1909.11401
2023-04-06,1909.14355,1909.27173,1857.08508,1872.92261
2023-04-07,1872.73413,1882.29919,1845.9939,1865.63611
2023-04-08,1864.67908,1879.10779,1848.87549,1849.49817
2023-04-09,1849.67224,1873.05737,1828.70007,1859.38782
2023-04-10,1859.74121,1917.30017,1848.16418,1911.20752
2023-04-11,1911.37585,1936.72827,1886.53418,1892.1897
2023-04-12,1891.94971,1929.88123,1860.03687,1920.68213
2023-04-13,1917.69836,2022.15015,1901.86035,2012.63464
2023-04-14,2013.93066,2126.31665,2011.5033,2101.6355
2023-04-15,2101.61646,2111.07544,2076.51074,2092.4668
2023-04-16,2092.28101,2137.44507,2076.83203,2120.00586
2023-04-17,2120.00122,2120.11353,2063.03857,2076.24292
2023-04-18,2075.85522,2121.53149,2057.65381,2104.53735
2023-04-19,2103.94629,2104.85718,1928.58289,1936.40344
2023-04-20,1936.41797,1979.57336,1918.13281,1943.09766
2023-04-21,1943.40991,1955.64917,1827.78894,1849.99988
2023-04-22,1849.2865,1886.78162,1845.84924,1874.22864
2023-04-23,1874.17151,1882.22974,1838.99243,1862.06201
2023-04-24,1862.08533,1888.19373,1811.79211,1842.75745
2023-04-25,1842.20435,1877.48499,1805.32288,1866.75366
2023-04-26,1866.14893,1962.56763,1792.46387,1866.56421
2023-04-27,1866.69324,1936.94519,1863.14795,1908.78638
2023-04-28,1909.27307,1923.19922,1876.29187,1892.51282
2023-04-29,1892.56506,1916.97375,1887.99048,1908.91699
2023-04-30,1908.74133,1938.41797,1876.92432,1876.92432
2023-05-01,1868.89111,1886.20642,1809.19324,1831.95483
2023-05-02,1831.72656,1879.75952,1824.32703,1870.78931
2023-05-03,1870.68713,1915.50415,1845.87183,1904.65186
2023-05-04,1905.16895,1915.8717,1868.62976,1877.7041
2023-05-05,1877.83313,1998.41357,1876.94666,1995.06091
2023-05-06,1995.47913,2017.55945,1870.60559,1900.2218
2023-05-07,1899.9176,1933.99841,1873.07642,1873.07642
2023-05-08,1872.4751,1886.16211,1818.45056,1849.04272
2023-05-09,1849.06104,1860.66748,1832.90698,1848.60315
2023-05-10,1848.2135,1886.80029,1795.66882,1842.40149
2023-05-11,1842.49207,1842.49207,1774.13257,1796.4906
2023-05-12,1795.17664,1812.42493,1742.40381,1808.01978
2023-05-13,1808.375,1816.05847,1788.47559,1796.11487
2023-05-14,1796.10791,1823.49072,1793.22876,1800.50098
2023-05-15,1800.37122,1845.69543,1787.53638,1817.54993
2023-05-16,1816.82422,1830.35156,1797.84375,1824.12146
2023-05-17,1824.06836,1835.55457,1786.672,1821.85962
2023-05-18,1822.06824,1831.45032,1774.19507,1801.72852
2023-05-19,1800.99438,1826.19421,1797.43445,1812.58948
2023-05-20,1812.76611,1829.00964,1808.04675,1820.47803
2023-05-21,1820.13806,1827.922,1799.9469,1804.53137
2023-05-22,1804.84192,1826.69653,1793.224,1817.53479
2023-05-23,1817.78113,1869.34399,1816.28796,1854.38062
2023-05-24,1854.29968,1854.29968,1780.92554,1800.09998
2023-05-25,1799.84521,1815.99475,1763.36511,1805.95374
2023-05-26,1805.72546,1837.86584,1798.40601,1828.6897
2023-05-27,1828.57568,1836.18457,1817.49207,1831.11829
2023-05-28,1831.09863,1915.72327,1825.46729,1910.91418
2023-05-29,1909.29749,1926.42175,1879.07751,1893.07812
2023-05-30,1893.09314,1916.57495,1883.93469,1901.02661
2023-05-31,1901.09827,1907.0354,1852.09473,1874.13049
2023-06-01,1873.91467,1887.70532,1846.22742,1862.20142
2023-06-02,1862.42371,1910.27844,1851.96472,1907.25659
2023-06-03,1907.42078,1908.82227,1885.48547,1892.41248
2023-06-04,1892.39819,1912.20569,1885.65186,1890.51355
2023-06-05,1890.4176,1890.6405,1780.21155,1811.82837
2023-06-06,1810.58142,1896.22266,1801.40527,1884.49487
2023-06-07,1884.37292,1893.80908,1822.3031,1832.396
2023-06-08,1832.51355,1861.13611,1830.16504,1846.30188
2023-06-09,1846.07788,1854.82495,1828.54456,1840.22522
2023-06-10,1840.39197,1844.78564,1721.44312,1752.38477
2023-06-11,1752.52759,1776.84717,1741.11047,1753.41528
2023-06-12,1753.07544,1757.65979,1722.90637,1742.52869
2023-06-13,1742.39014,1761.95544,1727.74988,1739.0376
2023-06-14,1739.25012,1749.16321,1637.18774,1650.51929
2023-06-15,1650.49817,1676.40662,1624.13831,1665.51978
2023-06-16,1665.41064,1727.28955,1653.1709,1716.66882
2023-06-17,1716.67175,1766.76318,1714.15088,1727.2041
2023-06-18,1727.19373,1746.50916,1718.11145,1720.57751
2023-06-19,1720.50537,1745.13464,1705.81348,1737.65942
2023-06-20,1736.87976,1793.31396,1715.34253,1792.12
2023-06-21,1791.995,1898.66895,1788.48926,1891.0072
2023-06-22,1889.79443,1932.06555,1867.87659,1872.94299
2023-06-23,1872.54077,1932.53162,1865.19202,1892.86206
2023-06-24,1893.77197,1905.22742,1867.81152,1876.05969
2023-06-25,1875.84912,1929.0791,1870.8501,1900.5061
2023-06-26,1900.05029,1905.36047,1840.21509,1859.43286
2023-06-27,1859.34619,1911.31116,1856.83838,1889.70337
2023-06-28,1889.90649,1890.20898,1822.10278,1827.97119
2023-06-29,1828.05933,1876.53027,1828.05933,1852.22729
2023-06-30,1852.00842,1945.27429,1831.28101,1933.18896
2023-07-01,1933.32385,1942.70154,1910.84863,1924.56592
2023-07-02,1924.44812,1958.16077,1895.90698,1937.43835
2023-07-03,1937.88379,1974.77502,1934.68884,1955.38916
2023-07-04,1955.52417,1966.36536,1932.61133,1936.63354
2023-07-05,1936.79675,1942.4325,1897.12476,1910.58801
2023-07-06,1910.41711,1956.01233,1847.85071,1848.63647
2023-07-07,1847.51257,1876.96326,1832.02539,1870.60254
2023-07-08,1871.00208,1872.50159,1844.64172,1865.53955
2023-07-09,1865.59497,1878.66895,1857.74829,1863.00977
2023-07-10,1863.24023,1905.46082,1848.77722,1880.5564
2023-07-11,1880.65491,1889.38171,1863.21863,1878.33606
2023-07-12,1878.32202,1901.14844,1865.71008,1872.11377
2023-07-13,1872.04028,2011.88525,1864.49609,2006.51147
2023-07-14,2005.68616,2026.20496,1901.36121,1939.34705
2023-07-15,1939.12964,1946.01917,1928.18738,1931.46655
2023-07-16,1931.64502,1942.03088,1917.29407,1923.68188
2023-07-17,1923.69434,1936.17761,1875.12036,1911.64612
2023-07-18,1911.69702,1916.46838,1878.71851,1897.59924
2023-07-19,1897.79724,1919.2644,1883.06714,1889.00793
2023-07-20,1889.07373,1919.2644,1879.73438,1890.96912
2023-07-21,1891.5813,1905.38623,1885.29626,1892.08008
2023-07-22,1891.95508,1897.08801,1855.09277,1864.91235
2023-07-23,1866.09424,1904.48328,1859.56885,1889.19165
2023-07-24,1888.80957,1889.76196,1836.85242,1850.00208
2023-07-25,1850.02795,1867.32324,1845.98157,1857.74194
2023-07-26,1857.69653,1886.97412,1849.43689,1872.15991
2023-07-27,1872.0863,1885.59155,1855.32153,1860.35718
2023-07-28,1860.70251,1881.45728,1857.04895,1874.74487
2023-07-29,1874.56042,1885.5293,1870.33386,1881.06885
2023-07-30,1880.87158,1884.14417,1851.72803,1861.6438
2023-07-31,1861.75525,1875.62939,1851.91541,1856.16235
2023-08-01,1856.19019,1873.02991,1817.92078,1871.79211
2023-08-02,1873.46814,1877.51147,1822.34827,1839.08972
2023-08-03,1838.89795,1856.40759,1825.34778,1835.13647
2023-08-04,1834.8905,1847.91223,1817.41382,1827.71289
2023-08-05,1827.79858,1836.46484,1824.80798,1834.98792
2023-08-06,1834.84521,1836.2489,1824.98669,1827.46204
2023-08-07,1827.2395,1842.52258,1804.71667,1826.93884
2023-08-08,1826.93103,1873.84717,1824.43005,1855.80737
2023-08-09,1855.77942,1869.73657,1845.48975,1854.29761
2023-08-10,1854.34827,1863.31091,1845.44226,1850.75342
2023-08-11,1850.7417,1855.06604,1839.56921,1847.12439
2023-08-12,1847.172,1852.28101,1845.71924,1848.88989
2023-08-13,1849.05383,1859.91638,1834.80432,1839.28015
2023-08-14,1839.32349,1853.8363,1834.80042,1844.18579
2023-08-15,1844.16418,1845.54761,1816.32507,1826.93274
2023-08-16,1827.03638,1829.36121,1798.96667,1805.65906
2023-08-17,1805.56738,1807.71484,1551.71326,1684.93347
2023-08-18,1682.03845,1698.12427,1644.93091,1660.94507
2023-08-19,1660.84436,1693.22815,1654.07581,1669.47192
2023-08-20,1669.58777,1692.32874,1662.90149,1684.85205
2023-08-21,1685.02234,1685.08264,1651.95984,1667.26904
2023-08-22,1667.2793,1668.63867,1596.38403,1633.89258
2023-08-23,1634.40173,1696.59399,1629.58105,1679.27441
2023-08-24,1679.24829,1682.48975,1641.62708,1659.94458
2023-08-25,1660.2699,1671.9707,1635.96741,1652.93506
2023-08-26,1652.92725,1654.77771,1643.71265,1646.30676
2023-08-27,1646.27197,1659.26709,1645.90283,1657.51306
2023-08-28,1657.43982,1659.32874,1627.44678,1652.4574
2023-08-29,1652.27417,1742.63733,1639.57617,1729.72571
2023-08-30,1729.67664,1730.5647,1697.14722,1705.11218
2023-08-31,1705.3645,1720.01196,1634.85095,1645.63916
2023-09-01,1645.5813,1653.53174,1603.03418,1628.49121
2023-09-02,1628.55969,1644.03064,1627.97607,1637.02539
2023-09-03,1637.04358,1645.64514,1626.08923,1636.11768
2023-09-04,1635.72473,1642.6532,1618.52368,1629.65527
2023-09-05,1629.91101,1645.94836,1610.14124,1633.62939
2023-09-06,1633.91211,1656.93274,1611.14771,1632.25232
2023-09-07,1632.26282,1657.30371,1623.22046,1647.59827
2023-09-08,1647.80762,1657.13635,1617.79651,1636.13782
2023-09-09,1636.05042,1636.87073,1629.66089,1635.16235
2023-09-10,1635.21167,1635.43311,1604.04053,1616.82886
2023-09-11,1616.76978,1618.30579,1533.42676,1551.6377
2023-09-12,1551.4978,1619.11401,1549.49377,1592.42944
2023-09-13,1592.89233,1615.05029,1582.21753,1607.98853
2023-09-14,1608.03162,1640.52271,1607.73535,1626.97437
2023-09-15,1626.87012,1652.11316,1613.24866,1641.64038
2023-09-16,1641.44641,1649.98865,1632.57788,1635.22168
2023-09-17,1635.20105,1635.51294,1616.7793,1622.89673
2023-09-18,1623.08191,1669.01538,1609.9574,1637.34705
2023-09-19,1637.31201,1659.53174,1628.41321,1643.54468
2023-09-20,1643.49536,1649.61914,1610.42078,1622.89062
2023-09-21,1622.5918,1625.20459,1573.30579,1584.30701
2023-09-22,1584.00256,1601.53772,1579.10132,1593.26831
2023-09-23,1593.21313,1598.00171,1588.32898,1593.85779
2023-09-24,1593.82568,1600.20728,1576.78333,1580.85339
2023-09-25,1580.74744,1595.84412,1565.02551,1588.32288
2023-09-26,1588.02319,1598.09778,1580.16553,1593.41724
2023-09-27,1593.10828,1631.91077,1585.3689,1597.49121
2023-09-28,1597.672,1666.02417,1597.29468,1652.88269
2023-09-29,1652.99988,1687.28125,1648.65649,1667.94385
2023-09-30,1667.83447,1692.53113,1666.56384,1671.16187
2023-10-01,1671.1615,1750.5957,1670.08215,1733.81042
2023-10-02,1732.98401,1743.5636,1646.07764,1663.62756
2023-10-03,1662.88721,1670.35632,1644.49646,1656.68567
2023-10-04,1656.73596,1657.25354,1629.42664,1647.83813
2023-10-05,1647.78821,1654.37903,1609.84998,1611.47644
2023-10-06,1611.36572,1659.60986,1611.36572,1645.83154
2023-10-07,1645.81091,1648.18372,1631.1582,1634.51123
2023-10-08,1634.65735,1641.18237,1618.18921,1633.54858
2023-10-09,1633.45483,1635.44788,1553.00696,1579.80664
2023-10-10,1580.11206,1593.74133,1553.03174,1567.71301
2023-10-11,1567.68079,1578.22351,1548.98047,1566.25476
2023-10-12,1566.35596,1566.87817,1523.23755,1539.61243
2023-10-13,1539.43286,1571.75061,1537.92114,1552.08948
2023-10-14,1552.26379,1560.32507,1545.73877,1555.25684
2023-10-15,1555.07605,1565.76086,1550.55457,1558.06982
2023-10-16,1558.31348,1628.15625,1555.98962,1600.5343
2023-10-17,1600.63562,1601.29468,1554.40295,1565.43958
2023-10-18,1565.38281,1584.72693,1556.73633,1563.74988
2023-10-19,1563.95813,1573.73767,1543.58508,1567.45703
2023-10-20,1567.57092,1628.60901,1562.30286,1604.66687
2023-10-21,1604.82227,1641.24182,1593.448,1629.30444
2023-10-22,1629.29773,1667.66663,1623.98474,1663.42993
2023-10-23,1674.84924,1794.07043,1663.448,1765.38269
2023-10-24,1766.01465,1852.68445,1758.69006,1784.4375
2023-10-25,1784.90503,1814.48474,1762.14709,1787.39758
2023-10-26,1787.48193,1865.09521,1764.01306,1804.03931
2023-10-27,1803.79492,1804.13586,1751.44006,1780.04529
2023-10-28,1780.08423,1800.60535,1773.43665,1776.61816
2023-10-29,1776.56396,1810.48865,1766.05298,1795.54602
2023-10-30,1795.58911,1829.24951,1779.3645,1810.08862
2023-10-31,1810.13159,1819.97266,1784.56763,1816.45898
2023-11-01,1815.87207,1858.31287,1786.40955,1847.08972
2023-11-02,1847.25989,1873.88501,1790.11475,1800.62097
2023-11-03,1800.9165,1835.07251,1779.6355,1832.79517
2023-11-04,1833.3689,1867.26135,1825.73657,1857.69861
2023-11-05,1857.39563,1911.60864,1848.62012,1894.15771
2023-11-06,1894.0271,1914.58264,1871.97302,1899.8374
2023-11-07,1900.59973,1907.5614,1852.79089,1888.12427
2023-11-08,1887.11902,1904.54626,1874.54565,1889.32239
2023-11-09,1888.94031,2130.88525,1884.20435,2120.56104
2023-11-10,2121.06738,2134.69141,2068.13428,2078.28979
2023-11-11,2078.05835,2089.53052,2035.08215,2052.71387
2023-11-12,2053.11865,2066.00342,2019.02808,2045.18701
2023-11-13,2045.35449,2116.01074,2031.95422,2055.26538
2023-11-14,2054.76538,2065.06689,1939.2804,1979.05261
2023-11-15,1979.47266,2061.9917,1968.77466,2060.40845
2023-11-16,2059.96582,2088.66235,1940.57422,1960.88159
2023-11-17,1961.86755,1990.05054,1910.44543,1961.28076
2023-11-18,1961.67126,1971.46228,1921.06238,1963.28503
2023-11-19,1963.18005,2015.63391,1944.90088,2013.20447
2023-11-20,2011.85339,2066.40991,1996.04431,2022.23914
2023-11-21,2022.21729,2035.03589,1937.06677,1937.06677
2023-11-22,1933.58313,2089.51416,1933.16296,2064.42529
2023-11-23,2063.90552,2088.03198,2041.46423,2062.21069
2023-11-24,2062.41187,2132.4812,2060.99902,2081.1521
2023-11-25,2081.29614,2091.34277,2067.91724,2084.41309
2023-11-26,2084.17749,2094.09595,2038.60046,2063.28613
2023-11-27,2062.39087,2070.6062,1988.12036,2027.41736
2023-11-28,2027.51721,2074.9541,1996.8147,2049.33813
2023-11-29,2049.18677,2071.99438,2020.75659,2029.9292
2023-11-30,2029.3584,2054.44434,2022.46179,2052.55615
2023-12-01,2052.09668,2109.31909,2046.55701,2087.13989
2023-12-02,2087.66357,2182.81787,2087.40796,2165.7041
2023-12-03,2165.89575,2213.17578,2151.72095,2193.69165
2023-12-04,2193.66333,2273.06982,2193.00732,2243.21582
2023-12-05,2243.09253,2306.57031,2191.17627,2293.8418
2023-12-06,2293.62817,2310.71313,2225.08105,2231.66138
2023-12-07,2233.21777,2380.72974,2225.05054,2357.57959
2023-12-08,2357.16919,2387.5144,2340.92041,2358.73193
2023-12-09,2358.68604,2401.7605,2331.66602,2341.17529
2023-12-10,2341.44019,2376.74976,2323.40576,2352.46265
2023-12-11,2352.49658,2354.91406,2160.35815,2224.57886
2023-12-12,2224.39111,2242.55127,2166.77002,2202.03809
2023-12-13,2202.60034,2283.09912,2150.75439,2260.64868
2023-12-14,2260.73608,2331.60156,2239.36621,2316.5791
2023-12-15,2316.11035,2316.89282,2214.26318,2219.3374
2023-12-16,2220.41553,2260.80981,2213.55078,2226.92651
2023-12-17,2226.89258,2244.36646,2195.76172,2196.4812
2023-12-18,2195.3418,2222.01929,2120.12744,2217.27344
2023-12-19,2218.24097,2253.34888,2139.72339,2177.87256
2023-12-20,2177.2395,2263.3291,2161.21875,2201.91138
2023-12-21,2201.79004,2278.12158,2184.85669,2239.54248
2023-12-22,2239.59814,2341.94751,2233.53271,2326.5249
2023-12-23,2326.71582,2332.07202,2270.42896,2309.04639
2023-12-24,2309.62671,2325.70508,2249.98438,2265.69214
2023-12-25,2265.34058,2303.55103,2254.57446,2272.56177
2023-12-26,2272.21875,2274.55737,2180.22534,2231.46533
2023-12-27,2231.39307,2392.60864,2215.14038,2378.73999
2023-12-28,2380.20068,2445.01758,2338.70386,2347.56616
2023-12-29,2346.84375,2386.00464,2262.97583,2300.69067
2023-12-30,2300.39966,2322.02148,2270.01196,2292.06543
2023-12-31,2291.94531,2318.51294,2261.39429,2281.47119
2024-01-01,2282.87036,2352.32788,2267.01807,2352.32788
2024-01-02,2352.59351,2431.2124,2348.89233,2355.83643
2024-01-03,2355.98145,2385.11768,2113.92529,2210.76196
2024-01-04,2210.52905,2294.60815,2204.86572,2269.03809
2024-01-05,2269.40942,2276.76465,2209.53711,2268.64722
2024-01-06,2269.54004,2271.35938,2219.78198,2241.62476
2024-01-07,2242.0127,2257.12793,2211.5625,2222.86597
2024-01-08,2222.85767,2358.81567,2171.99365,2333.03271
2024-01-09,2332.86816,2369.6416,2243.21924,2344.82715
2024-01-10,2344.92358,2626.97681,2341.94312,2582.10352
2024-01-11,2584.17163,2687.77905,2567.99365,2619.61914
2024-01-12,2619.177,2710.42188,2460.92554,2524.46021
2024-01-13,2522.93384,2589.07983,2498.59448,2576.5979
2024-01-14,2578.00366,2578.33228,2470.42432,2472.24121
2024-01-15,2471.66699,2550.76904,2470.8208,2511.36377
2024-01-16,2510.6272,2613.56689,2500.00391,2587.69116
2024-01-17,2587.04468,2592.73706,2508.43286,2528.36938
2024-01-18,2528.59326,2546.26392,2426.1355,2467.0188
2024-01-19,2468.68896,2501.30518,2414.71094,2489.49854
2024-01-20,2489.84766,2489.84766,2456.0957,2469.58911
2024-01-21,2469.79858,2479.7605,2452.37769,2453.91309
2024-01-22,2454.9873,2463.44727,2303.50269,2310.82642
2024-01-23,2310.95166,2348.03125,2167.28247,2240.68604
2024-01-24,2241.74976,2261.38452,2197.65674,2233.56177
2024-01-25,2233.96997,2240.38086,2173.68652,2217.71021
2024-01-26,2217.44189,2280.38379,2196.14014,2267.19971
2024-01-27,2267.31934,2282.54443,2252.38525,2267.88599
2024-01-28,2268.19287,2306.89868,2242.68384,2257.20874
2024-01-29,2256.99536,2320.02734,2237.71167,2317.06421
2024-01-30,2317.43579,2388.87061,2298.28198,2344.49365
2024-01-31,2343.55884,2349.61133,2264.4436,2282.54443
2024-02-01,2282.17529,2309.84253,2243.57178,2303.82471
2024-02-02,2303.70605,2323.05347,2282.23022,2308.03809
2024-02-03,2307.98022,2327.34692,2293.53809,2296.03833
2024-02-04,2296.11694,2309.01123,2272.30493,2289.54614
2024-02-05,2289.20557,2334.67676,2270.06787,2298.88892
2024-02-06,2298.95508,2389.82617,2296.78857,2372.2019
2024-02-07,2372.2627,2442.63623,2353.70605,2423.74512
2024-02-08,2424.08008,2459.55664,2414.74951,2419.90649
2024-02-09,2419.77368,2522.72461,2419.36279,2487.51562
2024-02-10,2487.65039,2516.71973,2475.85767,2501.22827
2024-02-11,2501.12988,2537.6792,2495.21436,2507.57056
2024-02-12,2507.57886,2663.84277,2473.81201,2658.11597
2024-02-13,2659.58618,2686.45508,2599.16943,2642.1853
2024-02-14,2641.6853,2786.89355,2621.02539,2777.90234
2024-02-15,2777.60132,2865.84546,2764.0105,2824.37891
2024-02-16,2825.48071,2858.45044,2760.33105,2803.69141
2024-02-17,2803.73584,2805.12866,2724.38696,2786.67261
2024-02-18,2786.70972,2892.84351,2767.91309,2878.99805
2024-02-19,2881.29688,2983.37061,2860.26367,2943.57471
2024-02-20,2944.10645,3031.52441,2879.90332,3013.50366
2024-02-21,3015.65332,3017.19043,2875.41846,2970.35547
2024-02-22,2969.59985,3030.66602,2907.10938,2971.00732
2024-02-23,2970.13965,2991.32959,2906.58374,2921.6582
2024-02-24,2921.96289,3003.19507,2907.70068,2992.38599
2024-02-25,2992.3667,3117.42896,2984.39307,3112.69727
2024-02-26,3112.52905,3197.375,3037.95459,3178.99365
2024-02-27,3178.40503,3287.95801,3167.83057,3244.51929
2024-02-28,3243.89331,3485.45093,3201.57593,3385.70386
2024-02-29,3386.80273,3518.96924,3303.90527,3341.91968
2024-03-01,3341.96582,3452.62622,3341.85107,3435.05396
2024-03-02,3436.15918,3459.74731,3398.89893,3422.0498
2024-03-03,3422.87524,3491.16846,3372.21411,3490.99365
2024-03-04,3489.34009,3641.45923,3446.01758,3630.43384
2024-03-05,3631.92896,3828.15967,3224.11938,3554.9646
2024-03-06,3554.06787,3901.43433,3502.80249,3819.22632
2024-03-07,3818.31104,3939.59399,3738.6853,3874.34766
2024-03-08,3874.83081,3998.82642,3828.36328,3892.06104
2024-03-09,3892.11914,3950.39648,3880.65894,3915.41895
2024-03-10,3915.59058,3968.72363,3800.56445,3881.19312
2024-03-11,3881.23779,4087.05005,3745.12524,4066.44507
2024-03-12,4066.69043,4092.28418,3831.88989,3980.27319
2024-03-13,3980.26514,4083.00732,3936.6272,4006.45703
2024-03-14,4005.74512,4011.10278,3721.78857,3883.14038
2024-03-15,3882.85693,3928.77563,3571.77466,3735.22021
2024-03-16,3736.10498,3780.89453,3468.07935,3522.86011
2024-03-17,3523.02979,3676.26343,3414.17236,3642.41309
2024-03-18,3642.29883,3642.49707,3456.09131,3517.98511
2024-03-19,3518.34766,3546.58228,3149.28687,3157.61816
2024-03-20,3158.39673,3534.82642,3059.65479,3513.39307
2024-03-21,3514.01758,3586.90503,3412.22266,3492.99121
2024-03-22,3492.89795,3541.89819,3254.96924,3333.68799
2024-03-23,3335.59253,3433.75806,3273.11548,3336.59399
2024-03-24,3336.66602,3470.34448,3301.27734,3454.63647
2024-03-25,3454.88574,3657.1189,3421.79053,3590.88379
2024-03-26,3591.08521,3678.78979,3545.42871,3587.50488
2024-03-27,3587.31372,3664.38306,3460.39355,3500.11523
2024-03-28,3500.21606,3609.70532,3465.33228,3561.29395
2024-03-29,3561.01172,3583.70142,3475.72559,3511.80615
2024-03-30,3511.82764,3566.08447,3489.9021,3507.94434
2024-03-31,3507.95166,3655.21899,3507.24268,3647.85645
2024-04-01,3647.81958,3648.12915,3418.69531,3505.03003
2024-04-02,3504.81836,3506.96289,3215.98511,3277.23462
2024-04-03,3277.32422,3368.11157,3205.64917,3311.44189
2024-04-04,3311.49536,3443.20752,3253.31934,3330.04053
2024-04-05,3330.00586,3345.6665,3214.24414,3318.88525
2024-04-06,3318.86475,3397.59253,3308.9834,3354.18384
2024-04-07,3354.21387,3458.5083,3346.11475,3453.49463
2024-04-08,3453.49878,3727.61646,3409.51172,3695.29272
2024-04-09,3695.3418,3724.92236,3455.10767,3505.16333
2024-04-10,3505.15601,3561.51636,3415.18042,3543.73706
2024-04-11,3543.45215,3616.19434,3477.17114,3505.2478
2024-04-12,3505.32983,3552.58911,3103.43018,3243.03491
2024-04-13,3242.94092,3299.66382,2862.39355,3004.90039
2024-04-14,3005.54761,3174.6665,2914.42285,3156.94189
2024-04-15,3156.83008,3277.56152,3026.53882,3101.60034
2024-04-16,3101.14062,3127.16089,2997.75464,3084.92017
2024-04-17,3084.92358,3123.66968,2918.55371,2984.72754
2024-04-18,2984.70532,3094.84204,2956.12744,3066.02759
2024-04-19,3065.95312,3127.11499,2868.7959,3059.27856
2024-04-20,3059.47803,3170.67285,3021.78491,3157.6272
2024-04-21,3157.57104,3197.50635,3119.552,3147.28857
2024-04-22,3147.66357,3236.65918,3131.36743,3201.6521
2024-04-23,3201.58862,3264.41943,3154.58984,3219.91162
2024-04-24,3219.95703,3292.92163,3105.98218,3139.80518
2024-04-25,3139.62427,3190.97632,3074.80469,3156.50952
2024-04-26,3156.38403,3166.18872,3103.104,3130.16479
2024-04-27,3129.72705,3279.45117,3071.34009,3252.16821
2024-04-28,3252.24561,3351.17651,3249.14917,3262.77466
2024-04-29,3262.34082,3285.46875,3116.19995,3215.42896
2024-04-30,3215.3811,3249.37842,2918.22876,3012.28687
2024-05-01,3011.01562,3020.17334,2815.92334,2969.78467
2024-05-02,2969.79443,3015.05029,2894.32983,2988.16846
2024-05-03,2988.13452,3127.15527,2960.18213,3103.54199
2024-05-04,3103.61963,3167.54126,3096.26758,3117.57642
2024-05-05,3117.63696,3170.05518,3075.58618,3137.24902
2024-05-06,3137.51025,3220.15234,3048.23853,3062.72876
2024-05-07,3062.75098,3129.0813,3003.01367,3006.57715
2024-05-08,3006.31567,3037.19604,2938.47266,2973.65723
2024-05-09,2973.97168,3057.95825,2951.22388,3036.02051
2024-05-10,3036.2312,3052.72949,2881.00073,2909.79126
2024-05-11,2909.84546,2942.17871,2888.08325,2911.60205
2024-05-12,2911.6582,2953.04736,2902.2019,2928.7019
2024-05-13,2928.81396,2994.86914,2865.13452,2949.35962
2024-05-14,2949.21313,2959.54663,2863.5459,2881.15796
2024-05-15,2881.22461,3041.60229,2864.73535,3037.05664
2024-05-16,3036.01416,3041.80713,2925.0874,2945.1311
2024-05-17,2945.13696,3120.30176,2934.11255,3094.11865
2024-05-18,3094.55347,3146.79053,3087.70435,3122.94897
2024-05-19,3122.82471,3137.14844,3056.75439,3071.84302
2024-05-20,3071.85889,3690.80591,3050.29785,3663.85547
2024-05-21,3663.01123,3837.3728,3628.09644,3789.31274
2024-05-22,3789.3728,3810.94849,3655.0752,3737.21777
2024-05-23,3737.17847,3943.55396,3552.64258,3776.92725
2024-05-24,3776.99243,3825.12256,3631.99023,3726.93457
2024-05-25,3726.97559,3776.00659,3710.52832,3749.23657
2024-05-26,3749.17993,3879.4707,3732.02295,3825.89746
2024-05-27,3826.1272,3973.5564,3821.93042,3892.00684
2024-05-28,3892.09692,3924.89575,3771.21387,3840.25635
2024-05-29,3840.23511,3880.64844,3742.04126,3763.19653
2024-05-30,3763.35767,3823.64331,3702.26367,3746.84961
2024-05-31,3746.86157,3843.85767,3723.83521,3760.02661
2024-06-01,3759.88428,3829.29468,3749.84009,3813.19897
2024-06-02,3813.27563,3834.91187,3752.41455,3780.896
2024-06-03,3780.85425,3848.60303,3758.91992,3766.38916
2024-06-04,3766.47632,3831.36499,3738.13428,3812.51587
2024-06-05,3812.56079,3887.48584,3778.65576,3864.26099
2024-06-06,3864.26343,3878.05225,3761.77539,3811.60596
2024-06-07,3811.66602,3838.45215,3615.28027,3678.62915
2024-06-08,3677.40039,3707.49731,3669.63794,3680.94995
2024-06-09,3680.93604,3719.36768,3668.12354,3705.90381
2024-06-10,3705.8772,3711.42871,3648.16455,3666.71753
2024-06-11,3666.35889,3669.89087,3434.74902,3498.33057
2024-06-12,3497.89697,3652.49219,3463.78491,3559.61768
2024-06-13,3559.72534,3559.72534,3431.3335,3469.28125
2024-06-14,3467.96997,3528.60229,3366.22388,3480.27197
2024-06-15,3479.78564,3589.88745,3473.45264,3565.54956
2024-06-16,3566.76196,3648.09302,3541.53442,3620.56348
2024-06-17,3622.38354,3634.2854,3468.14893,3511.37891
2024-06-18,3510.56519,3514.17725,3371.59033,3483.6814
2024-06-19,3482.35083,3583.32007,3466.48096,3559.34741
2024-06-20,3559.34741,3623.88647,3485.45996,3511.08691
2024-06-21,3511.26831,3542.95728,3447.93555,3516.07568
2024-06-22,3516.55127,3519.49756,3477.16992,3494.81348
2024-06-23,3494.95386,3519.32495,3408.58301,3418.61182
2024-06-24,3418.7832,3430.69897,3244.24146,3350.25635
2024-06-25,3350.55566,3422.21338,3335.55688,3395.02905
2024-06-26,3394.37329,3421.50952,3328.39062,3369.47729
2024-06-27,3368.88623,3470.9231,3362.26465,3444.80054
2024-06-28,3445.49878,3482.95752,3363.4375,3373.63599
2024-06-29,3373.68994,3401.73022,3369.55273,3372.96777
2024-06-30,3373.07568,3453.21143,3352.28442,3432.88916
2024-07-01,3432.60742,3513.31079,3425.32324,3440.34155
2024-07-02,3439.38135,3459.76147,3399.02612,3416.35474
2024-07-03,3416.25488,3426.33228,3254.52124,3292.91675
2024-07-04,3291.81787,3307.47876,3136.54541,3140.43457
2024-07-05,3057.83325,3103.44434,3043.92578,3066.17188
